window_id,sample_index,planned_at_utc,collected_at_utc,product_id,depth,status,error,sequence,snapshot_time_utc,bid_volume,ask_volume,imbalance,best_bid,best_ask,mid_price,spread,spread_bps,bids_json,asks_json
btc_usd_d10_20260430T000032Z,0,2026-04-30T00:00:32.272746Z,2026-04-30T00:00:32.272775Z,BTC-USD,10,ok,,127343497269,2026-04-30T00:00:30.058398199Z,0.42465133,0.64284739,-0.204399364526,75834.029999999999,75834.039999999994,75834.035000000003,0.009999999995,0.001318669117,"[{""price"":75834.03,""size"":0.2087386,""num_orders"":3},{""price"":75834.02,""size"":0.03,""num_orders"":1},{""price"":75834.0,""size"":0.03,""num_orders"":1},{""price"":75832.0,""size"":0.02,""num_orders"":1},{""price"":75831.56,""size"":0.01390048,""num_orders"":1},{""price"":75831.37,""size"":0.00013186,""num_orders"":1},{""price"":75830.03,""size"":0.06183957,""num_orders"":2},{""price"":75830.02,""size"":0.03961181,""num_orders"":1},{""price"":75830.0,""size"":0.02,""num_orders"":1},{""price"":75829.71,""size"":0.00042901,""num_orders"":1}]","[{""price"":75834.04,""size"":0.0208,""num_orders"":1},{""price"":75835.99,""size"":0.06361356,""num_orders"":1},{""price"":75836.0,""size"":0.06,""num_orders"":2},{""price"":75836.3,""size"":0.07911779,""num_orders"":1},{""price"":75836.68,""size"":0.04,""num_orders"":1},{""price"":75838.0,""size"":0.02,""num_orders"":1},{""price"":75838.12,""size"":0.01318544,""num_orders"":1},{""price"":75838.51,""size"":0.28025265,""num_orders"":2},{""price"":75838.52,""size"":0.04,""num_orders"":1},{""price"":75838.53,""size"":0.02587795,""num_orders"":1}]"
btc_usd_d10_20260430T000032Z,1,2026-04-30T00:01:32.272746Z,2026-04-30T00:01:32.272860Z,BTC-USD,10,ok,,127343545894,2026-04-30T00:01:31.072179827Z,0.73481857,0.45240745,0.237874772994,75788.009999999995,75788.020000000004,75788.014999999999,0.010000000009,0.001319469841,"[{""price"":75788.01,""size"":0.22921685,""num_orders"":3},{""price"":75786.0,""size"":0.0189,""num_orders"":1},{""price"":75784.93,""size"":0.0395857,""num_orders"":1},{""price"":75784.01,""size"":0.09852641,""num_orders"":2},{""price"":75784.0,""size"":0.0189,""num_orders"":1},{""price"":75783.09,""size"":0.00013194,""num_orders"":1},{""price"":75782.0,""size"":0.0189,""num_orders"":1},{""price"":75781.87,""size"":0.13195767,""num_orders"":1},{""price"":75780.43,""size"":0.1387,""num_orders"":1},{""price"":75780.19,""size"":0.04,""num_orders"":1}]","[{""price"":75788.02,""size"":0.13938423,""num_orders"":3},{""price"":75790.0,""size"":0.01,""num_orders"":1},{""price"":75790.25,""size"":0.01319424,""num_orders"":1},{""price"":75791.21,""size"":1.5e-05,""num_orders"":1},{""price"":75792.0,""size"":0.0189,""num_orders"":1},{""price"":75792.84,""size"":0.17267111,""num_orders"":2},{""price"":75793.04,""size"":0.07916294,""num_orders"":1},{""price"":75794.0,""size"":0.0189,""num_orders"":1},{""price"":75794.26,""size"":0.00016493,""num_orders"":1},{""price"":75794.4,""size"":1.5e-05,""num_orders"":1}]"
btc_usd_d10_20260430T000032Z,2,2026-04-30T00:02:32.272746Z,2026-04-30T00:02:32.272886Z,BTC-USD,10,ok,,127343577803,2026-04-30T00:02:31.264290406Z,0.57760908,0.50930962,0.0628376897,75794.979999999996,75794.990000000005,75794.985000000001,0.010000000009,0.001319348504,"[{""price"":75794.98,""size"":0.22956423,""num_orders"":4},{""price"":75792.41,""size"":0.12280914,""num_orders"":1},{""price"":75792.32,""size"":0.00013193,""num_orders"":1},{""price"":75792.0,""size"":0.0199,""num_orders"":1},{""price"":75791.65,""size"":0.03958219,""num_orders"":1},{""price"":75790.98,""size"":0.0136,""num_orders"":1},{""price"":75790.62,""size"":1.303e-05,""num_orders"":1},{""price"":75790.0,""size"":0.0199,""num_orders"":1},{""price"":75789.92,""size"":0.13194365,""num_orders"":1},{""price"":75788.74,""size"":0.00016491,""num_orders"":1}]","[{""price"":75794.99,""size"":0.00040175,""num_orders"":2},{""price"":75797.12,""size"":0.0131934,""num_orders"":1},{""price"":75797.59,""size"":1.5e-05,""num_orders"":1},{""price"":75798.0,""size"":0.0199,""num_orders"":1},{""price"":75798.79,""size"":0.07915694,""num_orders"":1},{""price"":75799.67,""size"":0.00388,""num_orders"":1},{""price"":75800.0,""size"":0.0299,""num_orders"":2},{""price"":75800.78,""size"":1.5e-05,""num_orders"":1},{""price"":75800.8,""size"":0.1383876,""num_orders"":1},{""price"":75800.81,""size"":0.22445993,""num_orders"":2}]"
btc_usd_d10_20260430T000032Z,3,2026-04-30T00:03:32.272746Z,2026-04-30T00:03:32.272857Z,BTC-USD,10,ok,,127343608675,2026-04-30T00:03:30.018825129Z,0.0884515,0.93997667,-0.827987014397,75821.990000000005,75822,75821.994999999995,0.009999999995,0.001318878512,"[{""price"":75821.99,""size"":1.205e-05,""num_orders"":1},{""price"":75819.92,""size"":1.5e-05,""num_orders"":1},{""price"":75819.0,""size"":0.01620011,""num_orders"":1},{""price"":75818.98,""size"":0.0163,""num_orders"":1},{""price"":75818.05,""size"":0.01582737,""num_orders"":1},{""price"":75818.0,""size"":0.0198,""num_orders"":1},{""price"":75816.92,""size"":0.00016485,""num_orders"":1},{""price"":75816.73,""size"":1.5e-05,""num_orders"":1},{""price"":75816.3,""size"":0.00031712,""num_orders"":1},{""price"":75816.0,""size"":0.0198,""num_orders"":1}]","[{""price"":75822.0,""size"":0.42779864,""num_orders"":5},{""price"":75822.38,""size"":0.0791323,""num_orders"":1},{""price"":75823.14,""size"":0.0158263,""num_orders"":1},{""price"":75823.16,""size"":0.04046239,""num_orders"":1},{""price"":75823.67,""size"":0.072519,""num_orders"":1},{""price"":75823.99,""size"":0.22309556,""num_orders"":1},{""price"":75824.0,""size"":0.0198,""num_orders"":1},{""price"":75824.04,""size"":0.0414106,""num_orders"":2},{""price"":75824.66,""size"":0.00013188,""num_orders"":1},{""price"":75826.0,""size"":0.0198,""num_orders"":1}]"
btc_usd_d10_20260430T000032Z,4,2026-04-30T00:04:32.272746Z,2026-04-30T00:04:32.272858Z,BTC-USD,10,ok,,127343643696,2026-04-30T00:04:31.578223631Z,0.62238951,0.36442724,0.261408483389,75813.009999999995,75813.139999999999,75813.074999999997,0.130000000005,0.017147437959,"[{""price"":75813.01,""size"":0.20838757,""num_orders"":1},{""price"":75812.0,""size"":0.02962967,""num_orders"":2},{""price"":75811.58,""size"":0.03957178,""num_orders"":1},{""price"":75810.35,""size"":1.5e-05,""num_orders"":1},{""price"":75810.18,""size"":0.12467444,""num_orders"":2},{""price"":75810.17,""size"":0.0147998,""num_orders"":1},{""price"":75810.0,""size"":0.0293,""num_orders"":1},{""price"":75809.03,""size"":0.0147998,""num_orders"":1},{""price"":75808.42,""size"":0.13191145,""num_orders"":1},{""price"":75808.0,""size"":0.0293,""num_orders"":1}]","[{""price"":75813.14,""size"":3.285e-05,""num_orders"":1},{""price"":75815.0,""size"":0.08688882,""num_orders"":1},{""price"":75816.33,""size"":0.01319156,""num_orders"":1},{""price"":75816.36,""size"":0.0001319,""num_orders"":1},{""price"":75817.0,""size"":0.00026384,""num_orders"":1},{""price"":75817.99,""size"":0.0174921,""num_orders"":1},{""price"":75818.0,""size"":0.0293,""num_orders"":1},{""price"":75819.36,""size"":0.10442329,""num_orders"":1},{""price"":75819.38,""size"":0.07270288,""num_orders"":2},{""price"":75819.43,""size"":0.04,""num_orders"":1}]"
btc_usd_d10_20260430T000032Z,5,2026-04-30T00:05:32.272746Z,2026-04-30T00:05:32.272834Z,BTC-USD,10,ok,,127343682147,2026-04-30T00:05:30.997208958Z,1.49158713,1.05935356,0.169440854385,75773.979999999996,75773.990000000005,75773.985000000001,0.010000000009,0.001319714149,"[{""price"":75773.98,""size"":0.02088394,""num_orders"":3},{""price"":75771.55,""size"":0.00026394,""num_orders"":1},{""price"":75771.33,""size"":0.00099864,""num_orders"":2},{""price"":75771.32,""size"":0.00013197,""num_orders"":1},{""price"":75770.6,""size"":7.919e-05,""num_orders"":1},{""price"":75770.01,""size"":0.04,""num_orders"":1},{""price"":75770.0,""size"":1.35480364,""num_orders"":1},{""price"":75769.98,""size"":0.00283152,""num_orders"":1},{""price"":75768.48,""size"":0.03959429,""num_orders"":1},{""price"":75768.0,""size"":0.032,""num_orders"":1}]","[{""price"":75773.99,""size"":0.26764789,""num_orders"":5},{""price"":75774.0,""size"":0.032,""num_orders"":1},{""price"":75774.32,""size"":0.06400214,""num_orders"":2},{""price"":75774.5,""size"":0.07918231,""num_orders"":1},{""price"":75776.0,""size"":0.032,""num_orders"":1},{""price"":75776.65,""size"":0.00013197,""num_orders"":1},{""price"":75777.96,""size"":0.00527657,""num_orders"":1},{""price"":75777.97,""size"":0.1383876,""num_orders"":1},{""price"":75777.99,""size"":0.40872508,""num_orders"":2},{""price"":75778.0,""size"":0.032,""num_orders"":1}]"
btc_usd_d10_20260430T000032Z,6,2026-04-30T00:06:32.272746Z,2026-04-30T00:06:32.272869Z,BTC-USD,10,ok,,127343713608,2026-04-30T00:06:31.108689209Z,0.36047158,0.56219623,-0.21863193645,75742.339999999997,75743.509999999995,75742.924999999988,1.169999999998,0.154469872928,"[{""price"":75742.34,""size"":0.0208,""num_orders"":1},{""price"":75741.35,""size"":0.00033006,""num_orders"":1},{""price"":75741.33,""size"":0.09089214,""num_orders"":2},{""price"":75740.35,""size"":0.10584688,""num_orders"":1},{""price"":75740.17,""size"":1.254e-05,""num_orders"":1},{""price"":75740.0,""size"":0.0322,""num_orders"":1},{""price"":75739.7,""size"":0.03960934,""num_orders"":1},{""price"":75739.08,""size"":0.03856412,""num_orders"":1},{""price"":75738.0,""size"":0.0322,""num_orders"":1},{""price"":75737.38,""size"":1.65e-05,""num_orders"":1}]","[{""price"":75743.51,""size"":0.01320443,""num_orders"":1},{""price"":75743.99,""size"":7.405e-05,""num_orders"":1},{""price"":75744.0,""size"":0.03188346,""num_orders"":1},{""price"":75744.48,""size"":0.17682887,""num_orders"":2},{""price"":75746.0,""size"":0.0322,""num_orders"":1},{""price"":75746.55,""size"":1.5e-05,""num_orders"":1},{""price"":75746.85,""size"":0.07921121,""num_orders"":1},{""price"":75747.13,""size"":0.00013202,""num_orders"":1},{""price"":75747.81,""size"":0.19644719,""num_orders"":2},{""price"":75748.0,""size"":0.0322,""num_orders"":1}]"
btc_usd_d10_20260430T000032Z,7,2026-04-30T00:07:32.272746Z,2026-04-30T00:07:32.272848Z,BTC-USD,10,ok,,127343748671,2026-04-30T00:07:30.733101897Z,0.63043348,0.71433549,-0.062391393519,75743.669999999998,75743.679999999993,75743.674999999988,0.009999999995,0.001320242251,"[{""price"":75743.67,""size"":0.2084203,""num_orders"":2},{""price"":75742.53,""size"":0.01584315,""num_orders"":1},{""price"":75741.34,""size"":0.00013202,""num_orders"":1},{""price"":75740.07,""size"":0.041193,""num_orders"":1},{""price"":75740.0,""size"":0.029,""num_orders"":1},{""price"":75739.96,""size"":0.0396092,""num_orders"":1},{""price"":75738.29,""size"":0.04,""num_orders"":1},{""price"":75738.28,""size"":0.22707079,""num_orders"":1},{""price"":75738.0,""size"":0.029,""num_orders"":1},{""price"":75737.76,""size"":0.00016502,""num_orders"":1}]","[{""price"":75743.68,""size"":0.06609,""num_orders"":2},{""price"":75743.94,""size"":0.00041669,""num_orders"":1},{""price"":75744.0,""size"":0.15007056,""num_orders"":3},{""price"":75745.14,""size"":0.0158426,""num_orders"":1},{""price"":75745.23,""size"":0.07921291,""num_orders"":1},{""price"":75746.0,""size"":0.029,""num_orders"":1},{""price"":75746.03,""size"":2.8e-07,""num_orders"":1},{""price"":75746.55,""size"":1.5e-05,""num_orders"":1},{""price"":75746.65,""size"":0.00013202,""num_orders"":1},{""price"":75747.9,""size"":0.37355543,""num_orders"":1}]"
btc_usd_d10_20260430T000032Z,8,2026-04-30T00:08:32.272746Z,2026-04-30T00:08:32.272860Z,BTC-USD,10,ok,,127343792338,2026-04-30T00:08:30.753631569Z,0.16879201,1.43386691,-0.789360034261,75818.009999999995,75818.020000000004,75818.014999999999,0.010000000009,0.001318947747,"[{""price"":75818.01,""size"":0.00025416,""num_orders"":1},{""price"":75818.0,""size"":0.03,""num_orders"":1},{""price"":75817.98,""size"":0.03,""num_orders"":1},{""price"":75815.36,""size"":0.00013189,""num_orders"":1},{""price"":75814.29,""size"":0.04061614,""num_orders"":2},{""price"":75814.28,""size"":0.03957038,""num_orders"":1},{""price"":75814.0,""size"":0.0224,""num_orders"":1},{""price"":75813.54,""size"":1.5e-05,""num_orders"":1},{""price"":75812.27,""size"":0.00036518,""num_orders"":1},{""price"":75811.78,""size"":0.00543926,""num_orders"":2}]","[{""price"":75818.02,""size"":0.2374003,""num_orders"":2},{""price"":75819.99,""size"":0.06584204,""num_orders"":2},{""price"":75820.0,""size"":0.0224,""num_orders"":1},{""price"":75820.13,""size"":0.07913466,""num_orders"":1},{""price"":75820.68,""size"":0.00013189,""num_orders"":1},{""price"":75821.86,""size"":0.01318839,""num_orders"":1},{""price"":75822.97,""size"":0.51991203,""num_orders"":1},{""price"":75822.98,""size"":0.18349206,""num_orders"":1},{""price"":75823.06,""size"":0.263772,""num_orders"":1},{""price"":75823.08,""size"":0.04859354,""num_orders"":1}]"
btc_usd_d10_20260430T000032Z,9,2026-04-30T00:09:32.272746Z,2026-04-30T00:09:32.272860Z,BTC-USD,10,ok,,127343824381,2026-04-30T00:09:29.785052894Z,0.18885161,0.69027309,-0.570364454553,75762.5,75762.509999999995,75762.505000000005,0.009999999995,0.001319914118,"[{""price"":75762.5,""size"":0.00055778,""num_orders"":3},{""price"":75762.37,""size"":0.00026398,""num_orders"":1},{""price"":75761.36,""size"":0.01583921,""num_orders"":1},{""price"":75760.77,""size"":0.03959832,""num_orders"":1},{""price"":75759.85,""size"":0.00013199,""num_orders"":1},{""price"":75759.31,""size"":1.5e-05,""num_orders"":1},{""price"":75756.78,""size"":0.13200137,""num_orders"":1},{""price"":75756.27,""size"":0.00016498,""num_orders"":1},{""price"":75756.12,""size"":1.5e-05,""num_orders"":1},{""price"":75755.22,""size"":0.00026398,""num_orders"":1}]","[{""price"":75762.51,""size"":0.38341773,""num_orders"":4},{""price"":75762.61,""size"":0.03104136,""num_orders"":1},{""price"":75762.62,""size"":0.01319922,""num_orders"":1},{""price"":75762.69,""size"":0.00042563,""num_orders"":1},{""price"":75763.65,""size"":0.01583873,""num_orders"":1},{""price"":75764.0,""size"":0.0224,""num_orders"":1},{""price"":75765.16,""size"":0.00013199,""num_orders"":1},{""price"":75765.95,""size"":0.1222272,""num_orders"":1},{""price"":75765.96,""size"":0.07919123,""num_orders"":1},{""price"":75766.0,""size"":0.0224,""num_orders"":1}]"
btc_usd_d10_20260430T000032Z,10,2026-04-30T00:10:32.272746Z,2026-04-30T00:10:32.272857Z,BTC-USD,10,ok,,127343868951,2026-04-30T00:10:29.609019Z,0.28228024,0.34394451,-0.098469870442,75734.029999999999,75734.039999999994,75734.035000000003,0.009999999995,0.001320410301,"[{""price"":75734.03,""size"":0.04439207,""num_orders"":4},{""price"":75732.9,""size"":0.04527956,""num_orders"":1},{""price"":75732.89,""size"":0.01584516,""num_orders"":1},{""price"":75732.6,""size"":0.06,""num_orders"":2},{""price"":75732.41,""size"":0.01320314,""num_orders"":1},{""price"":75731.38,""size"":0.00013204,""num_orders"":1},{""price"":75731.2,""size"":0.02364943,""num_orders"":1},{""price"":75731.19,""size"":0.03961379,""num_orders"":1},{""price"":75727.81,""size"":0.04,""num_orders"":1},{""price"":75727.8,""size"":0.00016505,""num_orders"":1}]","[{""price"":75734.04,""size"":0.14936333,""num_orders"":3},{""price"":75735.18,""size"":0.01584468,""num_orders"":1},{""price"":75736.0,""size"":0.0223,""num_orders"":1},{""price"":75736.69,""size"":0.00013204,""num_orders"":1},{""price"":75736.98,""size"":1.5e-05,""num_orders"":1},{""price"":75738.0,""size"":0.0212,""num_orders"":1},{""price"":75739.38,""size"":0.06387446,""num_orders"":2},{""price"":75740.0,""size"":0.0312,""num_orders"":2},{""price"":75740.17,""size"":1.5e-05,""num_orders"":1},{""price"":75740.26,""size"":0.04,""num_orders"":1}]"
btc_usd_d10_20260430T000032Z,11,2026-04-30T00:11:32.272746Z,2026-04-30T00:11:32.272856Z,BTC-USD,10,ok,,127343904038,2026-04-30T00:11:30.604968490Z,0.89016429,0.56624253,0.222411592387,75714.059999999998,75714.070000000007,75714.065000000002,0.010000000009,0.001320758568,"[{""price"":75714.06,""size"":0.03005708,""num_orders"":3},{""price"":75714.04,""size"":0.03,""num_orders"":1},{""price"":75713.8,""size"":0.01001465,""num_orders"":7},{""price"":75711.3,""size"":0.00013207,""num_orders"":1},{""price"":75710.0,""size"":0.0257,""num_orders"":1},{""price"":75709.86,""size"":0.03962495,""num_orders"":1},{""price"":75708.41,""size"":0.13838749,""num_orders"":1},{""price"":75708.4,""size"":0.40110542,""num_orders"":1},{""price"":75708.36,""size"":0.10620749,""num_orders"":1},{""price"":75708.26,""size"":0.10893514,""num_orders"":1}]","[{""price"":75714.07,""size"":0.2277241,""num_orders"":3},{""price"":75714.65,""size"":1.5e-05,""num_orders"":1},{""price"":75715.99,""size"":0.0153429,""num_orders"":1},{""price"":75716.0,""size"":0.0257,""num_orders"":1},{""price"":75716.75,""size"":0.01320781,""num_orders"":1},{""price"":75716.85,""size"":0.04,""num_orders"":1},{""price"":75716.86,""size"":0.13929514,""num_orders"":2},{""price"":75716.87,""size"":0.07924258,""num_orders"":1},{""price"":75717.84,""size"":1.5e-05,""num_orders"":1},{""price"":75718.0,""size"":0.0257,""num_orders"":1}]"
btc_usd_d10_20260430T000032Z,12,2026-04-30T00:12:32.272746Z,2026-04-30T00:12:32.272856Z,BTC-USD,10,ok,,127343941860,2026-04-30T00:12:31.481106371Z,0.48487547,0.24502195,0.328612642582,75729.699999999997,75729.710000000006,75729.705000000002,0.010000000009,0.0013204858,"[{""price"":75729.7,""size"":0.05081732,""num_orders"":3},{""price"":75729.68,""size"":0.03,""num_orders"":1},{""price"":75729.56,""size"":0.13620605,""num_orders"":1},{""price"":75729.55,""size"":0.03961465,""num_orders"":1},{""price"":75728.56,""size"":0.01584607,""num_orders"":1},{""price"":75727.05,""size"":0.00013204,""num_orders"":1},{""price"":75726.58,""size"":0.04,""num_orders"":1},{""price"":75726.57,""size"":0.13205403,""num_orders"":1},{""price"":75726.0,""size"":0.027,""num_orders"":1},{""price"":75725.89,""size"":0.01320531,""num_orders"":1}]","[{""price"":75729.71,""size"":0.15017586,""num_orders"":2},{""price"":75730.85,""size"":0.01584559,""num_orders"":1},{""price"":75732.36,""size"":0.00013204,""num_orders"":1},{""price"":75733.79,""size"":1.5e-05,""num_orders"":1},{""price"":75734.0,""size"":0.0284,""num_orders"":1},{""price"":75734.43,""size"":2.431e-05,""num_orders"":1},{""price"":75735.0,""size"":0.01,""num_orders"":1},{""price"":75735.39,""size"":0.00026409,""num_orders"":1},{""price"":75735.94,""size"":0.00016506,""num_orders"":1},{""price"":75735.99,""size"":0.04,""num_orders"":1}]"
btc_usd_d10_20260430T000032Z,13,2026-04-30T00:13:32.272746Z,2026-04-30T00:13:32.272865Z,BTC-USD,10,ok,,127343974971,2026-04-30T00:13:30.104615392Z,0.71712356,0.31809433,0.385454341404,75716.380000000005,75717.970000000001,75717.175000000003,1.589999999997,0.209991986626,"[{""price"":75716.38,""size"":0.20841075,""num_orders"":2},{""price"":75716.37,""size"":0.11060358,""num_orders"":1},{""price"":75716.3,""size"":0.00608976,""num_orders"":4},{""price"":75715.15,""size"":0.01584888,""num_orders"":1},{""price"":75714.21,""size"":0.1320756,""num_orders"":1},{""price"":75714.0,""size"":0.0311,""num_orders"":1},{""price"":75713.43,""size"":0.00013207,""num_orders"":1},{""price"":75710.0,""size"":0.0311,""num_orders"":1},{""price"":75709.85,""size"":0.00016508,""num_orders"":1},{""price"":75709.42,""size"":0.18159784,""num_orders"":1}]","[{""price"":75717.97,""size"":1.52e-05,""num_orders"":1},{""price"":75717.99,""size"":0.20749539,""num_orders"":1},{""price"":75718.0,""size"":0.00960019,""num_orders"":1},{""price"":75718.72,""size"":0.01320844,""num_orders"":1},{""price"":75719.13,""size"":0.01584804,""num_orders"":1},{""price"":75720.0,""size"":0.0411,""num_orders"":2},{""price"":75720.6,""size"":0.00388,""num_orders"":1},{""price"":75720.63,""size"":0.00013207,""num_orders"":1},{""price"":75721.03,""size"":1.5e-05,""num_orders"":1},{""price"":75722.0,""size"":0.0268,""num_orders"":1}]"
btc_usd_d10_20260430T000032Z,14,2026-04-30T00:14:32.272746Z,2026-04-30T00:14:32.272867Z,BTC-USD,10,ok,,127344002101,2026-04-30T00:14:29.253371109Z,0.88742454,1.38851077,-0.220167167229,75676.380000000005,75676.389999999999,75676.385000000009,0.009999999995,0.001321416185,"[{""price"":75676.38,""size"":0.64429282,""num_orders"":8},{""price"":75676.37,""size"":1.5e-05,""num_orders"":1},{""price"":75676.16,""size"":0.00026428,""num_orders"":1},{""price"":75675.24,""size"":0.01585723,""num_orders"":1},{""price"":75673.73,""size"":0.00013214,""num_orders"":1},{""price"":75673.18,""size"":1.5e-05,""num_orders"":1},{""price"":75671.82,""size"":0.07889331,""num_orders"":1},{""price"":75671.81,""size"":0.13214959,""num_orders"":1},{""price"":75671.09,""size"":0.01564,""num_orders"":2},{""price"":75670.15,""size"":0.00016517,""num_orders"":1}]","[{""price"":75676.39,""size"":0.23840193,""num_orders"":3},{""price"":75676.5,""size"":1.0,""num_orders"":1},{""price"":75677.52,""size"":0.03684171,""num_orders"":1},{""price"":75677.53,""size"":0.01585675,""num_orders"":1},{""price"":75678.0,""size"":0.0322,""num_orders"":1},{""price"":75678.21,""size"":0.00044018,""num_orders"":1},{""price"":75678.41,""size"":0.01321466,""num_orders"":1},{""price"":75679.03,""size"":0.00013214,""num_orders"":1},{""price"":75679.26,""size"":0.0192234,""num_orders"":1},{""price"":75680.0,""size"":0.0322,""num_orders"":1}]"
btc_usd_d10_20260430T000032Z,15,2026-04-30T00:15:32.272746Z,2026-04-30T00:15:32.272867Z,BTC-USD,10,ok,,127344034633,2026-04-30T00:15:30.577632233Z,0.79218978,1.81254997,-0.391732106826,75660.940000000002,75660.949999999997,75660.945000000007,0.009999999995,0.001321685844,"[{""price"":75660.94,""size"":1.6e-07,""num_orders"":1},{""price"":75660.42,""size"":1.5e-05,""num_orders"":1},{""price"":75658.88,""size"":0.00068016,""num_orders"":1},{""price"":75657.23,""size"":1.5e-05,""num_orders"":1},{""price"":75655.98,""size"":0.67029985,""num_orders"":1},{""price"":75654.78,""size"":0.0396538,""num_orders"":1},{""price"":75654.71,""size"":0.00016521,""num_orders"":1},{""price"":75654.04,""size"":1.5e-05,""num_orders"":1},{""price"":75653.27,""size"":1.982e-05,""num_orders"":1},{""price"":75652.91,""size"":0.08132578,""num_orders"":1}]","[{""price"":75660.95,""size"":0.23251769,""num_orders"":3},{""price"":75661.37,""size"":0.0793007,""num_orders"":1},{""price"":75661.49,""size"":0.1383876,""num_orders"":1},{""price"":75661.5,""size"":1.0,""num_orders"":1},{""price"":75661.99,""size"":0.10089804,""num_orders"":1},{""price"":75662.0,""size"":0.0322,""num_orders"":1},{""price"":75662.58,""size"":0.09680845,""num_orders"":1},{""price"":75662.62,""size"":0.04,""num_orders"":1},{""price"":75663.58,""size"":0.09230533,""num_orders"":1},{""price"":75663.6,""size"":0.00013216,""num_orders"":1}]"
btc_usd_d10_20260430T000032Z,16,2026-04-30T00:16:32.272746Z,2026-04-30T00:16:32.272860Z,BTC-USD,10,ok,,127344089956,2026-04-30T00:16:31.768191753Z,0.75782377,0.56836223,0.142861966572,75722.75,75722.759999999995,75722.755000000005,0.009999999995,0.001320606995,"[{""price"":75722.75,""size"":0.20838757,""num_orders"":1},{""price"":75722.74,""size"":0.03,""num_orders"":1},{""price"":75722.72,""size"":0.03,""num_orders"":1},{""price"":75720.34,""size"":0.01420013,""num_orders"":1},{""price"":75720.01,""size"":0.06217916,""num_orders"":1},{""price"":75720.0,""size"":0.0322,""num_orders"":1},{""price"":75718.11,""size"":0.03962063,""num_orders"":1},{""price"":75718.0,""size"":0.0322,""num_orders"":1},{""price"":75717.84,""size"":0.00013206,""num_orders"":1},{""price"":75716.01,""size"":0.30890422,""num_orders"":3}]","[{""price"":75722.76,""size"":0.20879168,""num_orders"":3},{""price"":75723.07,""size"":0.10491406,""num_orders"":1},{""price"":75723.4,""size"":0.04,""num_orders"":1},{""price"":75723.41,""size"":0.04,""num_orders"":1},{""price"":75723.42,""size"":0.04,""num_orders"":1},{""price"":75724.0,""size"":0.0322,""num_orders"":1},{""price"":75724.22,""size"":1.5e-05,""num_orders"":1},{""price"":75724.5,""size"":0.01320706,""num_orders"":1},{""price"":75724.65,""size"":0.07923443,""num_orders"":1},{""price"":75725.0,""size"":0.01,""num_orders"":1}]"
btc_usd_d10_20260430T000032Z,17,2026-04-30T00:17:32.272746Z,2026-04-30T00:17:32.272865Z,BTC-USD,10,ok,,127344122073,2026-04-30T00:17:29.708819398Z,0.30977338,2.17490795,-0.750653432889,75663.550000000003,75663.559999999998,75663.554999999993,0.009999999995,0.001321640253,"[{""price"":75663.55,""size"":0.00715397,""num_orders"":8},{""price"":75663.43,""size"":0.00026432,""num_orders"":1},{""price"":75663.41,""size"":0.03964928,""num_orders"":1},{""price"":75662.61,""size"":0.00341516,""num_orders"":2},{""price"":75662.41,""size"":0.01585992,""num_orders"":1},{""price"":75660.9,""size"":0.00013216,""num_orders"":1},{""price"":75660.45,""size"":0.07891412,""num_orders"":1},{""price"":75660.44,""size"":0.13216945,""num_orders"":1},{""price"":75660.42,""size"":1.5e-05,""num_orders"":1},{""price"":75658.0,""size"":0.0322,""num_orders"":1}]","[{""price"":75663.56,""size"":0.39883634,""num_orders"":6},{""price"":75664.0,""size"":0.0322,""num_orders"":1},{""price"":75664.7,""size"":0.01585944,""num_orders"":1},{""price"":75665.98,""size"":0.03965623,""num_orders"":1},{""price"":75665.99,""size"":0.48898318,""num_orders"":1},{""price"":75666.0,""size"":1.0322,""num_orders"":2},{""price"":75666.2,""size"":0.00013216,""num_orders"":1},{""price"":75666.47,""size"":0.01321675,""num_orders"":1},{""price"":75667.99,""size"":0.12162385,""num_orders"":1},{""price"":75668.0,""size"":0.0322,""num_orders"":1}]"
btc_usd_d10_20260430T000032Z,18,2026-04-30T00:18:32.272746Z,2026-04-30T00:18:32.272855Z,BTC-USD,10,ok,,127344157592,2026-04-30T00:18:30.759124926Z,0.51259362,0.46066119,0.053359541064,75676.360000000001,75676.369999999995,75676.364999999991,0.009999999995,0.001321416534,"[{""price"":75676.36,""size"":0.0208,""num_orders"":1},{""price"":75676.17,""size"":0.03964259,""num_orders"":1},{""price"":75675.22,""size"":0.01585724,""num_orders"":1},{""price"":75675.0,""size"":0.12401217,""num_orders"":1},{""price"":75673.71,""size"":0.00013214,""num_orders"":1},{""price"":75673.54,""size"":0.04,""num_orders"":1},{""price"":75673.53,""size"":0.06,""num_orders"":2},{""price"":75671.88,""size"":0.04,""num_orders"":1},{""price"":75671.87,""size"":0.13214948,""num_orders"":1},{""price"":75671.78,""size"":0.04,""num_orders"":1}]","[{""price"":75676.37,""size"":0.2596315,""num_orders"":2},{""price"":75677.07,""size"":0.00035482,""num_orders"":1},{""price"":75677.51,""size"":0.01585676,""num_orders"":1},{""price"":75679.02,""size"":0.00013214,""num_orders"":1},{""price"":75679.56,""size"":1.5e-05,""num_orders"":1},{""price"":75679.9,""size"":0.00388,""num_orders"":1},{""price"":75680.0,""size"":0.0422,""num_orders"":2},{""price"":75682.0,""size"":0.0322,""num_orders"":1},{""price"":75682.6,""size"":0.00016517,""num_orders"":1},{""price"":75682.73,""size"":0.1062258,""num_orders"":1}]"
btc_usd_d10_20260430T000032Z,19,2026-04-30T00:19:32.272746Z,2026-04-30T00:19:32.272866Z,BTC-USD,10,ok,,127344185165,2026-04-30T00:19:31.283732616Z,0.4045134,0.70085338,-0.268091990244,75666.259999999995,75666.270000000004,75666.264999999999,0.010000000009,0.00132159292,"[{""price"":75666.26,""size"":0.02088795,""num_orders"":4},{""price"":75666.15,""size"":0.00026431,""num_orders"":1},{""price"":75665.9,""size"":0.03964797,""num_orders"":1},{""price"":75665.59,""size"":0.05701812,""num_orders"":1},{""price"":75665.58,""size"":0.06,""num_orders"":2},{""price"":75665.12,""size"":0.01585936,""num_orders"":1},{""price"":75663.63,""size"":0.12828556,""num_orders"":1},{""price"":75663.62,""size"":0.06645067,""num_orders"":1},{""price"":75663.61,""size"":0.01516186,""num_orders"":5},{""price"":75663.49,""size"":0.0009376,""num_orders"":1}]","[{""price"":75666.27,""size"":0.55145965,""num_orders"":4},{""price"":75666.39,""size"":0.00035614,""num_orders"":1},{""price"":75667.01,""size"":0.0001743,""num_orders"":1},{""price"":75667.41,""size"":0.01585888,""num_orders"":1},{""price"":75668.0,""size"":0.0262,""num_orders"":1},{""price"":75668.92,""size"":0.00013215,""num_orders"":1},{""price"":75670.0,""size"":0.0262,""num_orders"":1},{""price"":75671.4,""size"":0.01321603,""num_orders"":1},{""price"":75672.0,""size"":0.0276,""num_orders"":1},{""price"":75673.07,""size"":0.03965623,""num_orders"":1}]"
btc_usd_d10_20260430T000032Z,20,2026-04-30T00:20:32.272746Z,2026-04-30T00:20:32.272869Z,BTC-USD,10,ok,,127344223405,2026-04-30T00:20:29.861657112Z,0.22860675,0.37208252,-0.238851894258,75692.320000000007,75692.330000000002,75692.325000000012,0.009999999995,0.001321137909,"[{""price"":75692.32,""size"":0.04036174,""num_orders"":5},{""price"":75691.66,""size"":0.0077,""num_orders"":1},{""price"":75690.01,""size"":0.03758633,""num_orders"":1},{""price"":75690.0,""size"":0.0248,""num_orders"":1},{""price"":75689.67,""size"":0.00013211,""num_orders"":1},{""price"":75689.34,""size"":0.01321157,""num_orders"":1},{""price"":75689.13,""size"":1.5e-05,""num_orders"":1},{""price"":75688.0,""size"":0.0248,""num_orders"":1},{""price"":75686.63,""size"":0.04,""num_orders"":1},{""price"":75686.62,""size"":0.04,""num_orders"":1}]","[{""price"":75692.33,""size"":0.20322065,""num_orders"":4},{""price"":75692.58,""size"":0.00033651,""num_orders"":1},{""price"":75694.63,""size"":0.0445282,""num_orders"":1},{""price"":75694.98,""size"":0.00013211,""num_orders"":1},{""price"":75695.99,""size"":0.0311634,""num_orders"":1},{""price"":75696.0,""size"":0.0261,""num_orders"":1},{""price"":75698.0,""size"":0.0261,""num_orders"":1},{""price"":75698.32,""size"":0.00033651,""num_orders"":1},{""price"":75699.39,""size"":0.00016514,""num_orders"":1},{""price"":75699.52,""size"":0.04,""num_orders"":1}]"
btc_usd_d10_20260430T000032Z,21,2026-04-30T00:21:32.272746Z,2026-04-30T00:21:32.272869Z,BTC-USD,10,ok,,127344253567,2026-04-30T00:21:30.282979426Z,0.13056912,1.18969621,-0.802207757739,75666.839999999997,75666.850000000006,75666.845000000001,0.010000000009,0.00132158279,"[{""price"":75666.84,""size"":0.00188161,""num_orders"":1},{""price"":75666.69,""size"":2.326e-05,""num_orders"":1},{""price"":75665.7,""size"":0.01585923,""num_orders"":1},{""price"":75664.19,""size"":0.00013215,""num_orders"":1},{""price"":75663.61,""size"":1.5e-05,""num_orders"":1},{""price"":75661.96,""size"":0.072563,""num_orders"":1},{""price"":75661.32,""size"":0.03965037,""num_orders"":1},{""price"":75660.61,""size"":0.00016519,""num_orders"":1},{""price"":75660.6,""size"":0.00026431,""num_orders"":1},{""price"":75660.42,""size"":1.5e-05,""num_orders"":1}]","[{""price"":75666.85,""size"":0.43993121,""num_orders"":6},{""price"":75666.9,""size"":0.1062258,""num_orders"":1},{""price"":75666.91,""size"":0.29523463,""num_orders"":1},{""price"":75666.94,""size"":0.16342048,""num_orders"":3},{""price"":75668.0,""size"":0.0248,""num_orders"":1},{""price"":75668.08,""size"":0.01585873,""num_orders"":1},{""price"":75668.53,""size"":0.07929321,""num_orders"":1},{""price"":75669.63,""size"":0.00013215,""num_orders"":1},{""price"":75669.98,""size"":0.04,""num_orders"":1},{""price"":75670.0,""size"":0.0248,""num_orders"":1}]"
btc_usd_d10_20260430T000032Z,22,2026-04-30T00:22:32.272746Z,2026-04-30T00:22:32.272867Z,BTC-USD,10,ok,,127344296191,2026-04-30T00:22:30.519590195Z,0.42890173,0.49086375,-0.067367194516,75640.029999999999,75640.039999999994,75640.035000000003,0.009999999995,0.001322051212,"[{""price"":75640.03,""size"":0.20843597,""num_orders"":2},{""price"":75639.86,""size"":0.00026441,""num_orders"":1},{""price"":75639.05,""size"":0.0077,""num_orders"":1},{""price"":75638.89,""size"":0.01586485,""num_orders"":1},{""price"":75638.54,""size"":2.419e-05,""num_orders"":1},{""price"":75638.09,""size"":1.5e-05,""num_orders"":1},{""price"":75638.0,""size"":0.0287,""num_orders"":1},{""price"":75637.74,""size"":0.03966273,""num_orders"":1},{""price"":75637.39,""size"":0.0001322,""num_orders"":1},{""price"":75636.05,""size"":0.12810238,""num_orders"":1}]","[{""price"":75640.04,""size"":0.13677913,""num_orders"":3},{""price"":75640.14,""size"":0.00047595,""num_orders"":1},{""price"":75641.18,""size"":0.01586437,""num_orders"":1},{""price"":75641.99,""size"":0.08170037,""num_orders"":1},{""price"":75642.0,""size"":0.0287,""num_orders"":1},{""price"":75642.7,""size"":0.0001322,""num_orders"":1},{""price"":75643.59,""size"":0.07931934,""num_orders"":1},{""price"":75644.0,""size"":0.0287,""num_orders"":1},{""price"":75644.07,""size"":0.01322009,""num_orders"":1},{""price"":75645.77,""size"":0.1059723,""num_orders"":1}]"
btc_usd_d10_20260430T000032Z,23,2026-04-30T00:23:32.272746Z,2026-04-30T00:23:32.272858Z,BTC-USD,10,ok,,127344339319,2026-04-30T00:23:30.589692971Z,1.08689583,0.55668906,0.322591655123,75655.649999999994,75655.660000000003,75655.654999999999,0.010000000009,0.001321778261,"[{""price"":75655.65,""size"":0.58607381,""num_orders"":3},{""price"":75654.84,""size"":0.04798195,""num_orders"":1},{""price"":75654.83,""size"":0.03965378,""num_orders"":1},{""price"":75654.6,""size"":0.013218,""num_orders"":1},{""price"":75654.51,""size"":0.01586158,""num_orders"":1},{""price"":75654.0,""size"":0.0275,""num_orders"":1},{""price"":75653.0,""size"":0.00013217,""num_orders"":1},{""price"":75652.52,""size"":0.26897454,""num_orders"":2},{""price"":75652.15,""size"":0.06,""num_orders"":2},{""price"":75652.0,""size"":0.0275,""num_orders"":1}]","[{""price"":75655.66,""size"":0.40293009,""num_orders"":5},{""price"":75656.8,""size"":0.0158611,""num_orders"":1},{""price"":75658.31,""size"":0.00013217,""num_orders"":1},{""price"":75660.0,""size"":0.0289,""num_orders"":1},{""price"":75660.41,""size"":0.00016194,""num_orders"":1},{""price"":75660.42,""size"":1.5e-05,""num_orders"":1},{""price"":75660.66,""size"":0.07930145,""num_orders"":1},{""price"":75661.34,""size"":0.00032209,""num_orders"":1},{""price"":75661.89,""size"":0.00016522,""num_orders"":1},{""price"":75662.0,""size"":0.0289,""num_orders"":1}]"
btc_usd_d10_20260430T000032Z,24,2026-04-30T00:24:32.272746Z,2026-04-30T00:24:32.272835Z,BTC-USD,10,ok,,127344371756,2026-04-30T00:24:30.880814472Z,0.54380923,0.6676829,-0.102248844159,75708.220000000001,75708.229999999996,75708.225000000006,0.009999999995,0.001320860447,"[{""price"":75708.22,""size"":0.03037141,""num_orders"":4},{""price"":75708.2,""size"":0.03,""num_orders"":1},{""price"":75706.93,""size"":0.10482447,""num_orders"":1},{""price"":75706.88,""size"":0.01585061,""num_orders"":1},{""price"":75706.74,""size"":0.01320805,""num_orders"":1},{""price"":75706.73,""size"":0.04435796,""num_orders"":1},{""price"":75706.62,""size"":0.03962665,""num_orders"":1},{""price"":75706.2,""size"":0.072652,""num_orders"":1},{""price"":75706.0,""size"":0.0288,""num_orders"":1},{""price"":75705.82,""size"":0.16411808,""num_orders"":1}]","[{""price"":75708.23,""size"":0.20691116,""num_orders"":1},{""price"":75709.33,""size"":0.094,""num_orders"":1},{""price"":75709.45,""size"":0.01585007,""num_orders"":1},{""price"":75710.88,""size"":0.00013208,""num_orders"":1},{""price"":75711.46,""size"":0.00014672,""num_orders"":1},{""price"":75712.0,""size"":0.0288,""num_orders"":1},{""price"":75712.43,""size"":0.07924722,""num_orders"":1},{""price"":75713.96,""size"":0.21378065,""num_orders"":2},{""price"":75714.0,""size"":0.0288,""num_orders"":1},{""price"":75714.65,""size"":1.5e-05,""num_orders"":1}]"
btc_usd_d10_20260430T000032Z,25,2026-04-30T00:25:32.272746Z,2026-04-30T00:25:32.272871Z,BTC-USD,10,ok,,127344412326,2026-04-30T00:25:31.014891508Z,0.67664794,0.61117452,0.050840408545,75746.080000000002,75747.020000000004,75746.550000000003,0.940000000002,0.124098061232,"[{""price"":75746.08,""size"":0.24799348,""num_orders"":2},{""price"":75746.0,""size"":0.0273,""num_orders"":1},{""price"":75745.82,""size"":0.01320121,""num_orders"":1},{""price"":75744.03,""size"":0.10465026,""num_orders"":1},{""price"":75744.02,""size"":0.0435529,""num_orders"":1},{""price"":75744.0,""size"":0.0273,""num_orders"":1},{""price"":75743.95,""size"":1.597e-05,""num_orders"":1},{""price"":75743.67,""size"":0.10549999,""num_orders"":1},{""price"":75743.36,""size"":0.00013201,""num_orders"":1},{""price"":75743.19,""size"":0.10700212,""num_orders"":1}]","[{""price"":75747.02,""size"":0.0208,""num_orders"":1},{""price"":75748.03,""size"":0.01877301,""num_orders"":1},{""price"":75750.0,""size"":0.0273,""num_orders"":1},{""price"":75751.43,""size"":0.32031642,""num_orders"":2},{""price"":75751.47,""size"":0.09,""num_orders"":1},{""price"":75752.0,""size"":0.0273,""num_orders"":1},{""price"":75752.27,""size"":0.00016502,""num_orders"":1},{""price"":75752.73,""size"":0.07920507,""num_orders"":1},{""price"":75752.93,""size"":1.5e-05,""num_orders"":1},{""price"":75754.0,""size"":0.0273,""num_orders"":1}]"
btc_usd_d10_20260430T000032Z,26,2026-04-30T00:26:32.272746Z,2026-04-30T00:26:32.272872Z,BTC-USD,10,ok,,127344444569,2026-04-30T00:26:30.578240521Z,0.09531663,1.09308027,-0.839587885159,75751.639999999999,75751.649999999994,75751.64499999999,0.009999999995,0.001320103345,"[{""price"":75751.64,""size"":0.00447691,""num_orders"":2},{""price"":75751.24,""size"":0.01534445,""num_orders"":2},{""price"":75750.5,""size"":0.01584148,""num_orders"":1},{""price"":75750.26,""size"":0.00604658,""num_orders"":1},{""price"":75749.74,""size"":1.5e-05,""num_orders"":1},{""price"":75749.12,""size"":0.00604658,""num_orders"":1},{""price"":75747.29,""size"":0.00776,""num_orders"":1},{""price"":75746.81,""size"":0.03960562,""num_orders"":1},{""price"":75746.68,""size"":0.00016501,""num_orders"":1},{""price"":75746.55,""size"":1.5e-05,""num_orders"":1}]","[{""price"":75751.65,""size"":0.38775473,""num_orders"":4},{""price"":75751.99,""size"":0.0384468,""num_orders"":1},{""price"":75752.0,""size"":0.0322,""num_orders"":1},{""price"":75752.67,""size"":0.07920513,""num_orders"":1},{""price"":75752.79,""size"":0.015841,""num_orders"":1},{""price"":75754.0,""size"":0.0322,""num_orders"":1},{""price"":75754.3,""size"":0.00013201,""num_orders"":1},{""price"":75755.19,""size"":0.1062258,""num_orders"":1},{""price"":75755.2,""size"":0.40104659,""num_orders"":2},{""price"":75755.22,""size"":2.821e-05,""num_orders"":1}]"
btc_usd_d10_20260430T000032Z,27,2026-04-30T00:27:32.272746Z,2026-04-30T00:27:32.272856Z,BTC-USD,10,ok,,127344482196,2026-04-30T00:27:29.513569985Z,0.13303951,2.02461385,-0.876681294163,75752.929999999993,75752.940000000002,75752.934999999998,0.010000000009,0.001320080867,"[{""price"":75752.93,""size"":1.494e-05,""num_orders"":1},{""price"":75750.92,""size"":0.0077,""num_orders"":1},{""price"":75749.89,""size"":0.01584161,""num_orders"":1},{""price"":75749.85,""size"":1.544e-05,""num_orders"":1},{""price"":75749.74,""size"":1.5e-05,""num_orders"":1},{""price"":75748.0,""size"":0.029,""num_orders"":1},{""price"":75746.98,""size"":0.00771851,""num_orders"":1},{""price"":75746.73,""size"":0.072554,""num_orders"":1},{""price"":75746.7,""size"":0.00016501,""num_orders"":1},{""price"":75746.55,""size"":1.5e-05,""num_orders"":1}]","[{""price"":75752.94,""size"":1.08529047,""num_orders"":6},{""price"":75753.2,""size"":0.1062258,""num_orders"":1},{""price"":75753.21,""size"":0.33407062,""num_orders"":1},{""price"":75753.22,""size"":0.11188125,""num_orders"":1},{""price"":75753.25,""size"":0.07920452,""num_orders"":1},{""price"":75753.26,""size"":0.00181625,""num_orders"":1},{""price"":75753.36,""size"":0.15385633,""num_orders"":1},{""price"":75754.08,""size"":0.01584073,""num_orders"":1},{""price"":75754.22,""size"":0.13629588,""num_orders"":1},{""price"":75755.59,""size"":0.000132,""num_orders"":1}]"
btc_usd_d10_20260430T000032Z,28,2026-04-30T00:28:32.272746Z,2026-04-30T00:28:32.272867Z,BTC-USD,10,ok,,127344520891,2026-04-30T00:28:29.771623867Z,0.5670772,1.08571177,-0.313793581282,75751.449999999997,75751.460000000006,75751.455000000002,0.010000000009,0.001320106658,"[{""price"":75751.45,""size"":1.9e-07,""num_orders"":1},{""price"":75751.34,""size"":0.03960325,""num_orders"":1},{""price"":75750.32,""size"":0.01327104,""num_orders"":1},{""price"":75750.2,""size"":0.01584154,""num_orders"":1},{""price"":75750.14,""size"":0.0077,""num_orders"":1},{""price"":75749.74,""size"":1.5e-05,""num_orders"":1},{""price"":75749.73,""size"":0.18400002,""num_orders"":1},{""price"":75749.46,""size"":0.13201413,""num_orders"":1},{""price"":75749.13,""size"":0.00013201,""num_orders"":1},{""price"":75748.84,""size"":0.17450002,""num_orders"":1}]","[{""price"":75751.46,""size"":0.2266219,""num_orders"":2},{""price"":75752.0,""size"":0.0274,""num_orders"":1},{""price"":75752.94,""size"":0.16584097,""num_orders"":2},{""price"":75754.0,""size"":0.0274,""num_orders"":1},{""price"":75754.44,""size"":0.00013201,""num_orders"":1},{""price"":75756.0,""size"":0.0274,""num_orders"":1},{""price"":75756.93,""size"":0.1062258,""num_orders"":1},{""price"":75756.94,""size"":0.22851638,""num_orders"":1},{""price"":75757.89,""size"":0.16695215,""num_orders"":1},{""price"":75757.94,""size"":0.10922256,""num_orders"":1}]"
btc_usd_d10_20260430T000032Z,29,2026-04-30T00:29:32.272746Z,2026-04-30T00:29:32.272855Z,BTC-USD,10,ok,,127344549794,2026-04-30T00:29:29.572036004Z,0.81344969,0.67605333,0.092243089242,75757.110000000001,75757.119999999995,75757.114999999991,0.009999999995,0.001320008028,"[{""price"":75757.11,""size"":0.2088483,""num_orders"":4},{""price"":75756.0,""size"":0.0301,""num_orders"":1},{""price"":75755.97,""size"":0.01584034,""num_orders"":1},{""price"":75755.0,""size"":0.03960134,""num_orders"":1},{""price"":75754.46,""size"":0.000132,""num_orders"":1},{""price"":75754.0,""size"":0.0301,""num_orders"":1},{""price"":75753.03,""size"":0.09003229,""num_orders"":1},{""price"":75753.02,""size"":0.00276839,""num_orders"":1},{""price"":75752.99,""size"":0.13200798,""num_orders"":1},{""price"":75752.1,""size"":0.26401905,""num_orders"":1}]","[{""price"":75757.12,""size"":0.02001712,""num_orders"":1},{""price"":75758.26,""size"":0.01583986,""num_orders"":1},{""price"":75759.31,""size"":1.5e-05,""num_orders"":1},{""price"":75759.77,""size"":0.000132,""num_orders"":1},{""price"":75759.98,""size"":0.01619351,""num_orders"":1},{""price"":75759.99,""size"":0.26617183,""num_orders"":1},{""price"":75760.0,""size"":0.0301,""num_orders"":1},{""price"":75760.97,""size"":0.04,""num_orders"":1},{""price"":75760.98,""size"":0.07919644,""num_orders"":1},{""price"":75761.0,""size"":0.20838757,""num_orders"":1}]"
btc_usd_d10_20260430T000032Z,30,2026-04-30T00:30:32.272746Z,2026-04-30T00:30:32.272857Z,BTC-USD,10,ok,,127344598080,2026-04-30T00:30:30.878958951Z,1.40663454,0.5140912,0.464690674682,75824.009999999995,75824.020000000004,75824.014999999999,0.010000000009,0.001318843378,"[{""price"":75824.01,""size"":0.44363164,""num_orders"":3},{""price"":75824.0,""size"":0.0322,""num_orders"":1},{""price"":75822.87,""size"":0.01582636,""num_orders"":1},{""price"":75822.78,""size"":0.33506763,""num_orders"":2},{""price"":75822.0,""size"":0.0322,""num_orders"":1},{""price"":75821.64,""size"":0.20099984,""num_orders"":1},{""price"":75821.63,""size"":0.20149984,""num_orders"":1},{""price"":75821.36,""size"":0.00013188,""num_orders"":1},{""price"":75821.21,""size"":0.0131877,""num_orders"":1},{""price"":75820.95,""size"":0.13188965,""num_orders"":1}]","[{""price"":75824.02,""size"":0.20838757,""num_orders"":1},{""price"":75824.1,""size"":0.00015835,""num_orders"":1},{""price"":75824.3,""size"":0.15,""num_orders"":1},{""price"":75825.25,""size"":0.01582586,""num_orders"":1},{""price"":75826.3,""size"":1.5e-05,""num_orders"":1},{""price"":75826.76,""size"":0.00013188,""num_orders"":1},{""price"":75827.79,""size"":0.00014674,""num_orders"":1},{""price"":75828.0,""size"":0.0322,""num_orders"":1},{""price"":75829.19,""size"":0.001,""num_orders"":2},{""price"":75829.99,""size"":0.1062258,""num_orders"":1}]"
btc_usd_d10_20260430T000032Z,31,2026-04-30T00:31:32.272746Z,2026-04-30T00:31:32.272868Z,BTC-USD,10,ok,,127344646266,2026-04-30T00:31:31.601925749Z,2.46474014,0.34701096,0.753170926118,75870.949999999997,75870.960000000006,75870.955000000002,0.010000000009,0.001318027433,"[{""price"":75870.95,""size"":0.02488652,""num_orders"":2},{""price"":75869.81,""size"":0.20849948,""num_orders"":1},{""price"":75869.38,""size"":0.03954164,""num_orders"":1},{""price"":75868.51,""size"":0.60486829,""num_orders"":1},{""price"":75868.5,""size"":1.0,""num_orders"":1},{""price"":75868.45,""size"":0.01317972,""num_orders"":1},{""price"":75868.0,""size"":0.0322,""num_orders"":1},{""price"":75867.8,""size"":0.40972792,""num_orders"":1},{""price"":75867.79,""size"":0.13180823,""num_orders"":1},{""price"":75867.77,""size"":2.834e-05,""num_orders"":1}]","[{""price"":75870.96,""size"":1.5e-05,""num_orders"":1},{""price"":75873.0,""size"":0.026,""num_orders"":1},{""price"":75874.0,""size"":0.0322,""num_orders"":1},{""price"":75874.15,""size"":1.5e-05,""num_orders"":1},{""price"":75875.0,""size"":0.01,""num_orders"":1},{""price"":75875.01,""size"":0.15,""num_orders"":1},{""price"":75875.99,""size"":0.07514309,""num_orders"":2},{""price"":75876.0,""size"":0.0322,""num_orders"":1},{""price"":75876.15,""size"":0.02125,""num_orders"":2},{""price"":75877.33,""size"":0.00018787,""num_orders"":1}]"
btc_usd_d10_20260430T000032Z,32,2026-04-30T00:32:32.272746Z,2026-04-30T00:32:32.272857Z,BTC-USD,10,ok,,127344706828,2026-04-30T00:32:31.879642162Z,1.73325145,0.42016182,0.609771309712,75966.660000000003,75966.669999999998,75966.665000000008,0.009999999995,0.001316366856,"[{""price"":75966.66,""size"":0.74296227,""num_orders"":2},{""price"":75966.51,""size"":0.00087299,""num_orders"":1},{""price"":75965.52,""size"":0.01579664,""num_orders"":1},{""price"":75965.32,""size"":0.77893518,""num_orders"":2},{""price"":75964.0,""size"":0.00013163,""num_orders"":1},{""price"":75963.58,""size"":0.00776,""num_orders"":1},{""price"":75963.34,""size"":0.05689867,""num_orders"":1},{""price"":75962.7,""size"":0.05820067,""num_orders"":1},{""price"":75962.04,""size"":0.0394934,""num_orders"":1},{""price"":75962.0,""size"":0.0322,""num_orders"":1}]","[{""price"":75966.67,""size"":0.14269264,""num_orders"":3},{""price"":75967.81,""size"":0.01579616,""num_orders"":1},{""price"":75967.99,""size"":0.08568454,""num_orders"":1},{""price"":75968.0,""size"":0.0322,""num_orders"":1},{""price"":75969.33,""size"":0.00013163,""num_orders"":1},{""price"":75969.85,""size"":1.5e-05,""num_orders"":1},{""price"":75969.97,""size"":0.07897857,""num_orders"":1},{""price"":75970.0,""size"":0.0322,""num_orders"":1},{""price"":75970.95,""size"":0.00026328,""num_orders"":1},{""price"":75972.0,""size"":0.0322,""num_orders"":1}]"
btc_usd_d10_20260430T000032Z,33,2026-04-30T00:33:32.272746Z,2026-04-30T00:33:32.272856Z,BTC-USD,10,ok,,127344761870,2026-04-30T00:33:30.102493733Z,0.38436289,0.73079651,-0.310658386595,75886,75886.009999999995,75886.005000000005,0.009999999995,0.001317766035,"[{""price"":75886.0,""size"":2.975e-05,""num_orders"":1},{""price"":75884.76,""size"":0.04590031,""num_orders"":1},{""price"":75884.37,""size"":0.04580034,""num_orders"":1},{""price"":75883.72,""size"":1.5e-05,""num_orders"":1},{""price"":75881.12,""size"":0.012103,""num_orders"":1},{""price"":75880.53,""size"":1.5e-05,""num_orders"":1},{""price"":75877.78,""size"":0.01317771,""num_orders"":1},{""price"":75877.34,""size"":1.5e-05,""num_orders"":1},{""price"":75876.34,""size"":0.00371949,""num_orders"":1},{""price"":75876.19,""size"":0.26358729,""num_orders"":1}]","[{""price"":75886.01,""size"":0.24193845,""num_orders"":2},{""price"":75887.15,""size"":0.01581295,""num_orders"":1},{""price"":75889.16,""size"":0.01317771,""num_orders"":1},{""price"":75889.46,""size"":0.00013177,""num_orders"":1},{""price"":75890.39,""size"":0.0941228,""num_orders"":1},{""price"":75892.0,""size"":0.0262,""num_orders"":1},{""price"":75892.04,""size"":0.13048065,""num_orders"":1},{""price"":75892.11,""size"":0.15602641,""num_orders"":1},{""price"":75893.04,""size"":0.00016471,""num_orders"":1},{""price"":75893.15,""size"":0.05274106,""num_orders"":1}]"
btc_usd_d10_20260430T000032Z,34,2026-04-30T00:34:32.272746Z,2026-04-30T00:34:32.272858Z,BTC-USD,10,ok,,127344816335,2026-04-30T00:34:29.276515878Z,0.32438296,0.14535041,0.381136537096,75940.630000000005,75940.639999999999,75940.635000000009,0.009999999995,0.001316818064,"[{""price"":75940.63,""size"":0.04659683,""num_orders"":6},{""price"":75940.51,""size"":0.00052279,""num_orders"":1},{""price"":75940.31,""size"":0.0395047,""num_orders"":1},{""price"":75940.0,""size"":0.0247,""num_orders"":1},{""price"":75939.49,""size"":0.01580206,""num_orders"":1},{""price"":75938.0,""size"":0.0247,""num_orders"":1},{""price"":75937.97,""size"":0.00013168,""num_orders"":1},{""price"":75936.34,""size"":0.1062258,""num_orders"":1},{""price"":75936.33,""size"":0.0414991,""num_orders"":1},{""price"":75936.0,""size"":0.0247,""num_orders"":1}]","[{""price"":75940.64,""size"":5.9e-07,""num_orders"":1},{""price"":75940.88,""size"":0.00026336,""num_orders"":1},{""price"":75942.02,""size"":0.01580153,""num_orders"":1},{""price"":75943.3,""size"":0.00013168,""num_orders"":1},{""price"":75944.0,""size"":0.0235,""num_orders"":1},{""price"":75944.33,""size"":1.5e-05,""num_orders"":1},{""price"":75944.86,""size"":0.01316938,""num_orders"":1},{""price"":75945.0,""size"":0.01,""num_orders"":1},{""price"":75945.23,""size"":0.02,""num_orders"":1},{""price"":75945.24,""size"":0.06246887,""num_orders"":2}]"
btc_usd_d10_20260430T000032Z,35,2026-04-30T00:35:32.272746Z,2026-04-30T00:35:32.272831Z,BTC-USD,10,ok,,127344866612,2026-04-30T00:35:30.265604503Z,0.41066382,0.64584264,-0.222600456224,75986,75986.009999999995,75986.005000000005,0.009999999995,0.001316031813,"[{""price"":75986.0,""size"":0.23682246,""num_orders"":5},{""price"":75985.98,""size"":0.03,""num_orders"":1},{""price"":75984.86,""size"":0.01579262,""num_orders"":1},{""price"":75984.77,""size"":0.01316015,""num_orders"":1},{""price"":75984.0,""size"":0.0221,""num_orders"":1},{""price"":75983.75,""size"":0.03948212,""num_orders"":1},{""price"":75983.63,""size"":0.01316015,""num_orders"":1},{""price"":75983.34,""size"":0.0001316,""num_orders"":1},{""price"":75983.31,""size"":0.03999972,""num_orders"":1},{""price"":75982.61,""size"":1.5e-05,""num_orders"":1}]","[{""price"":75986.01,""size"":0.29400694,""num_orders"":3},{""price"":75986.02,""size"":0.07213,""num_orders"":1},{""price"":75987.15,""size"":0.01579214,""num_orders"":1},{""price"":75987.19,""size"":0.00153,""num_orders"":1},{""price"":75987.35,""size"":0.08159012,""num_orders"":2},{""price"":75987.36,""size"":0.09229685,""num_orders"":1},{""price"":75988.19,""size"":0.0418072,""num_orders"":1},{""price"":75988.67,""size"":0.0001316,""num_orders"":1},{""price"":75989.99,""size"":0.02545779,""num_orders"":1},{""price"":75990.0,""size"":0.0211,""num_orders"":1}]"
btc_usd_d10_20260430T000032Z,36,2026-04-30T00:36:32.272746Z,2026-04-30T00:36:32.272855Z,BTC-USD,10,ok,,127344942307,2026-04-30T00:36:30.016086873Z,0.22755811,0.64128006,-0.476178377384,76000,76000.009999999995,76000.005000000005,0.009999999995,0.001315789386,"[{""price"":76000.0,""size"":0.02694537,""num_orders"":5},{""price"":75999.9,""size"":0.00036082,""num_orders"":1},{""price"":75999.67,""size"":0.03947385,""num_orders"":1},{""price"":75999.21,""size"":0.0077,""num_orders"":1},{""price"":75998.86,""size"":0.01578971,""num_orders"":1},{""price"":75998.56,""size"":1.5e-05,""num_orders"":1},{""price"":75998.01,""size"":0.04240073,""num_orders"":1},{""price"":75997.57,""size"":0.05274106,""num_orders"":1},{""price"":75997.56,""size"":0.042,""num_orders"":1},{""price"":75997.34,""size"":0.00013157,""num_orders"":1}]","[{""price"":76000.01,""size"":0.32085125,""num_orders"":3},{""price"":76000.1,""size"":0.00026315,""num_orders"":1},{""price"":76001.16,""size"":0.01578923,""num_orders"":1},{""price"":76002.66,""size"":0.06041363,""num_orders"":2},{""price"":76002.67,""size"":0.07239129,""num_orders"":3},{""price"":76004.0,""size"":0.0249,""num_orders"":1},{""price"":76004.78,""size"":0.12134389,""num_orders"":2},{""price"":76006.0,""size"":0.0249,""num_orders"":1},{""price"":76006.26,""size"":0.00016447,""num_orders"":1},{""price"":76006.6,""size"":0.00026315,""num_orders"":1}]"
btc_usd_d10_20260430T000032Z,37,2026-04-30T00:37:32.272746Z,2026-04-30T00:37:32.272866Z,BTC-USD,10,ok,,127344997819,2026-04-30T00:37:30.780965840Z,1.57963388,0.23591571,0.740116479,76046.399999999994,76046.410000000003,76046.404999999999,0.010000000009,0.001314986555,"[{""price"":76046.4,""size"":0.23378481,""num_orders"":5},{""price"":76046.33,""size"":0.00142371,""num_orders"":1},{""price"":76046.12,""size"":0.00053269,""num_orders"":1},{""price"":76045.77,""size"":0.03944992,""num_orders"":1},{""price"":76045.25,""size"":0.01578008,""num_orders"":1},{""price"":76044.67,""size"":0.05079945,""num_orders"":1},{""price"":76043.74,""size"":0.00013149,""num_orders"":1},{""price"":76042.2,""size"":0.1062258,""num_orders"":1},{""price"":76042.19,""size"":0.13150593,""num_orders"":1},{""price"":76041.0,""size"":1.0,""num_orders"":1}]","[{""price"":76046.41,""size"":0.00372837,""num_orders"":1},{""price"":76047.56,""size"":0.0157796,""num_orders"":1},{""price"":76048.4,""size"":0.01314917,""num_orders"":1},{""price"":76048.52,""size"":0.0001315,""num_orders"":1},{""price"":76049.6,""size"":1.5e-05,""num_orders"":1},{""price"":76050.0,""size"":0.0279,""num_orders"":2},{""price"":76051.99,""size"":0.07799161,""num_orders"":1},{""price"":76052.0,""size"":0.0179,""num_orders"":1},{""price"":76052.12,""size"":0.00042736,""num_orders"":2},{""price"":76052.28,""size"":0.0788931,""num_orders"":1}]"
btc_usd_d10_20260430T000032Z,38,2026-04-30T00:38:32.272746Z,2026-04-30T00:38:32.272856Z,BTC-USD,10,ok,,127345072563,2026-04-30T00:38:31.010882127Z,1.22730886,0.3157651,0.590732384597,76071,76071.009999999995,76071.005000000005,0.009999999995,0.001314561309,"[{""price"":76071.0,""size"":1.07207133,""num_orders"":3},{""price"":76070.44,""size"":0.0077,""num_orders"":1},{""price"":76069.85,""size"":0.01577498,""num_orders"":1},{""price"":76069.58,""size"":0.04599941,""num_orders"":1},{""price"":76068.54,""size"":0.03943811,""num_orders"":1},{""price"":76068.33,""size"":0.00013145,""num_orders"":1},{""price"":76066.7,""size"":1.485e-05,""num_orders"":1},{""price"":76065.55,""size"":1.5e-05,""num_orders"":1},{""price"":76065.27,""size"":0.04599941,""num_orders"":1},{""price"":76064.74,""size"":0.00016432,""num_orders"":1}]","[{""price"":76071.01,""size"":0.17246633,""num_orders"":3},{""price"":76071.03,""size"":0.0381313,""num_orders"":1},{""price"":76071.88,""size"":0.01314652,""num_orders"":1},{""price"":76072.0,""size"":0.0187,""num_orders"":1},{""price"":76072.16,""size"":0.0157745,""num_orders"":1},{""price"":76073.71,""size"":0.00013145,""num_orders"":1},{""price"":76074.0,""size"":0.0187,""num_orders"":1},{""price"":76075.12,""size"":1.5e-05,""num_orders"":1},{""price"":76076.0,""size"":0.0187,""num_orders"":1},{""price"":76076.24,""size"":0.02,""num_orders"":1}]"
btc_usd_d10_20260430T000032Z,39,2026-04-30T00:39:32.272746Z,2026-04-30T00:39:32.272855Z,BTC-USD,10,ok,,127345142474,2026-04-30T00:39:31.017345386Z,0.3712152,0.83003314,-0.38195094613,76110.210000000006,76110.220000000001,76110.214999999997,0.009999999995,0.001313884082,"[{""price"":76110.21,""size"":0.2100109,""num_orders"":3},{""price"":76110.2,""size"":0.02730013,""num_orders"":1},{""price"":76108.78,""size"":0.0253006,""num_orders"":1},{""price"":76107.95,""size"":0.02740013,""num_orders"":1},{""price"":76107.54,""size"":0.00013138,""num_orders"":1},{""price"":76107.02,""size"":1.5e-05,""num_orders"":1},{""price"":76106.0,""size"":0.0185,""num_orders"":1},{""price"":76105.18,""size"":0.03941912,""num_orders"":1},{""price"":76105.0,""size"":0.01,""num_orders"":1},{""price"":76104.71,""size"":0.01313794,""num_orders"":1}]","[{""price"":76110.22,""size"":0.09148508,""num_orders"":1},{""price"":76111.35,""size"":0.07883187,""num_orders"":1},{""price"":76112.0,""size"":0.0185,""num_orders"":1},{""price"":76112.89,""size"":0.00013138,""num_orders"":1},{""price"":76113.98,""size"":0.1062258,""num_orders"":1},{""price"":76113.99,""size"":0.20838757,""num_orders"":1},{""price"":76114.0,""size"":0.0185,""num_orders"":1},{""price"":76115.16,""size"":0.26275974,""num_orders"":1},{""price"":76116.0,""size"":0.0185,""num_orders"":1},{""price"":76116.01,""size"":0.0267117,""num_orders"":1}]"
btc_usd_d10_20260430T000032Z,40,2026-04-30T00:40:32.272746Z,2026-04-30T00:40:32.272855Z,BTC-USD,10,ok,,127345208813,2026-04-30T00:40:31.279647072Z,0.34573435,0.75771183,-0.373355300392,76102.830000000002,76102.839999999997,76102.834999999992,0.009999999995,0.001314011494,"[{""price"":76102.83,""size"":0.20847046,""num_orders"":3},{""price"":76102.81,""size"":0.0077,""num_orders"":1},{""price"":76102.0,""size"":0.0234,""num_orders"":1},{""price"":76101.68,""size"":0.01576838,""num_orders"":1},{""price"":76100.16,""size"":0.0001314,""num_orders"":1},{""price"":76100.0,""size"":0.0234,""num_orders"":1},{""price"":76098.0,""size"":0.0234,""num_orders"":1},{""price"":76097.03,""size"":0.02,""num_orders"":1},{""price"":76097.02,""size"":0.02329986,""num_orders"":1},{""price"":76096.57,""size"":0.00016425,""num_orders"":1}]","[{""price"":76102.84,""size"":0.09148939,""num_orders"":1},{""price"":76103.82,""size"":0.15774182,""num_orders"":1},{""price"":76103.83,""size"":0.14871355,""num_orders"":1},{""price"":76103.99,""size"":0.0157679,""num_orders"":1},{""price"":76104.9,""size"":0.07883855,""num_orders"":1},{""price"":76105.13,""size"":0.0001314,""num_orders"":1},{""price"":76105.85,""size"":0.01314065,""num_orders"":1},{""price"":76106.0,""size"":0.0234,""num_orders"":1},{""price"":76106.99,""size"":0.22818012,""num_orders"":2},{""price"":76107.02,""size"":0.00030845,""num_orders"":2}]"
btc_usd_d10_20260430T000032Z,41,2026-04-30T00:41:32.272746Z,2026-04-30T00:41:32.272866Z,BTC-USD,10,ok,,127345258519,2026-04-30T00:41:29.284153210Z,0.26278183,0.8588514,-0.531430020132,76122.970000000001,76122.979999999996,76122.975000000006,0.009999999995,0.001313663844,"[{""price"":76122.97,""size"":4.3e-07,""num_orders"":1},{""price"":76122.18,""size"":0.03941032,""num_orders"":1},{""price"":76121.62,""size"":0.019,""num_orders"":1},{""price"":76120.47,""size"":0.019,""num_orders"":1},{""price"":76120.34,""size"":0.00388,""num_orders"":1},{""price"":76120.0,""size"":0.0212,""num_orders"":1},{""price"":76119.91,""size"":0.0077,""num_orders"":1},{""price"":76119.78,""size"":1.5e-05,""num_orders"":1},{""price"":76118.0,""size"":0.0212,""num_orders"":1},{""price"":76117.35,""size"":0.13137608,""num_orders"":1}]","[{""price"":76122.98,""size"":0.23578757,""num_orders"":2},{""price"":76123.0,""size"":0.06779161,""num_orders"":1},{""price"":76123.23,""size"":0.00032842,""num_orders"":1},{""price"":76123.44,""size"":0.09202536,""num_orders"":1},{""price"":76124.0,""size"":0.0212,""num_orders"":1},{""price"":76125.49,""size"":0.01313671,""num_orders"":1},{""price"":76126.0,""size"":0.0212,""num_orders"":1},{""price"":76126.06,""size"":0.00013136,""num_orders"":1},{""price"":76127.78,""size"":0.28019555,""num_orders"":1},{""price"":76127.79,""size"":0.12705482,""num_orders"":1}]"
btc_usd_d10_20260430T000032Z,42,2026-04-30T00:42:32.272746Z,2026-04-30T00:42:32.272830Z,BTC-USD,10,ok,,127345324444,2026-04-30T00:42:29.875139803Z,0.09682305,1.20640724,-0.851410681991,76062.360000000001,76062.369999999995,76062.364999999991,0.009999999995,0.001314710632,"[{""price"":76062.36,""size"":8.2e-07,""num_orders"":1},{""price"":76059.17,""size"":1.5e-05,""num_orders"":1},{""price"":76055.98,""size"":1.5e-05,""num_orders"":1},{""price"":76055.0,""size"":0.01,""num_orders"":1},{""price"":76054.0,""size"":0.0171,""num_orders"":1},{""price"":76052.79,""size"":1.5e-05,""num_orders"":1},{""price"":76051.58,""size"":0.00023007,""num_orders"":1},{""price"":76051.1,""size"":0.02,""num_orders"":1},{""price"":76051.09,""size"":0.03944716,""num_orders"":1},{""price"":76050.0,""size"":0.01,""num_orders"":1}]","[{""price"":76062.37,""size"":0.32055966,""num_orders"":4},{""price"":76062.38,""size"":0.10888262,""num_orders"":2},{""price"":76062.39,""size"":0.03524739,""num_orders"":2},{""price"":76062.4,""size"":0.03,""num_orders"":1},{""price"":76063.52,""size"":0.01577629,""num_orders"":1},{""price"":76064.0,""size"":0.0171,""num_orders"":1},{""price"":76065.04,""size"":0.00013147,""num_orders"":1},{""price"":76065.45,""size"":0.02,""num_orders"":1},{""price"":76065.46,""size"":0.39577839,""num_orders"":2},{""price"":76065.47,""size"":0.26293142,""num_orders"":1}]"
btc_usd_d10_20260430T000032Z,43,2026-04-30T00:43:32.272746Z,2026-04-30T00:43:32.272873Z,BTC-USD,10,ok,,127345398895,2026-04-30T00:43:32.059592316Z,0.10930392,0.93844298,-0.791354343306,76039.509999999995,76039.520000000004,76039.514999999999,0.010000000009,0.001315105706,"[{""price"":76039.51,""size"":3.6e-07,""num_orders"":1},{""price"":76039.12,""size"":0.03,""num_orders"":1},{""price"":76039.1,""size"":0.03,""num_orders"":1},{""price"":76038.13,""size"":0.0077,""num_orders"":1},{""price"":76037.97,""size"":0.01578159,""num_orders"":1},{""price"":76036.84,""size"":1.5e-05,""num_orders"":1},{""price"":76036.59,""size"":0.00013151,""num_orders"":1},{""price"":76036.0,""size"":0.0154,""num_orders"":1},{""price"":76035.0,""size"":0.01,""num_orders"":1},{""price"":76034.32,""size"":0.00027546,""num_orders"":1}]","[{""price"":76039.52,""size"":0.23438757,""num_orders"":2},{""price"":76039.98,""size"":0.07766186,""num_orders"":1},{""price"":76039.99,""size"":0.07890584,""num_orders"":1},{""price"":76040.0,""size"":0.0154,""num_orders"":1},{""price"":76040.67,""size"":0.01578103,""num_orders"":1},{""price"":76040.91,""size"":0.02,""num_orders"":1},{""price"":76042.0,""size"":0.0154,""num_orders"":1},{""price"":76042.01,""size"":0.33077517,""num_orders"":2},{""price"":76042.02,""size"":0.15,""num_orders"":1},{""price"":76042.69,""size"":0.00013151,""num_orders"":1}]"
btc_usd_d10_20260430T000032Z,44,2026-04-30T00:44:32.272746Z,2026-04-30T00:44:32.272854Z,BTC-USD,10,ok,,127345442791,2026-04-30T00:44:30.511318841Z,0.35653756,0.78664384,-0.376236247371,76049.520000000004,76049.529999999999,76049.524999999994,0.009999999995,0.001314932604,"[{""price"":76049.52,""size"":0.04220006,""num_orders"":2},{""price"":76048.52,""size"":0.00035948,""num_orders"":2},{""price"":76048.0,""size"":0.0154,""num_orders"":1},{""price"":76047.47,""size"":0.13614,""num_orders"":1},{""price"":76046.86,""size"":0.00013149,""num_orders"":1},{""price"":76046.83,""size"":0.09204043,""num_orders"":2},{""price"":76046.0,""size"":0.0154,""num_orders"":1},{""price"":76044.0,""size"":0.0154,""num_orders"":1},{""price"":76043.49,""size"":0.0394511,""num_orders"":1},{""price"":76043.22,""size"":1.5e-05,""num_orders"":1}]","[{""price"":76049.53,""size"":0.20838827,""num_orders"":2},{""price"":76051.0,""size"":0.21036116,""num_orders"":1},{""price"":76051.01,""size"":0.24102536,""num_orders"":2},{""price"":76052.0,""size"":0.0154,""num_orders"":1},{""price"":76052.18,""size"":0.00013149,""num_orders"":1},{""price"":76052.33,""size"":0.01314998,""num_orders"":1},{""price"":76052.78,""size"":0.07889258,""num_orders"":1},{""price"":76052.79,""size"":1.5e-05,""num_orders"":1},{""price"":76053.05,""size"":0.00388,""num_orders"":1},{""price"":76054.0,""size"":0.0154,""num_orders"":1}]"
btc_usd_d10_20260430T000032Z,45,2026-04-30T00:45:32.272746Z,2026-04-30T00:45:32.272866Z,BTC-USD,10,ok,,127345482644,2026-04-30T00:45:30.280763716Z,0.04631889,1.07470487,-0.917363232337,76094.779999999999,76094.789999999994,76094.785000000003,0.009999999995,0.001314150503,"[{""price"":76094.78,""size"":3.6e-07,""num_orders"":1},{""price"":76094.25,""size"":7.464e-05,""num_orders"":1},{""price"":76092.19,""size"":0.00013141,""num_orders"":1},{""price"":76091.07,""size"":1.5e-05,""num_orders"":1},{""price"":76090.0,""size"":0.0161,""num_orders"":1},{""price"":76089.07,""size"":0.0005767,""num_orders"":1},{""price"":76088.6,""size"":0.00016426,""num_orders"":1},{""price"":76088.0,""size"":0.0161,""num_orders"":1},{""price"":76087.88,""size"":1.5e-05,""num_orders"":1},{""price"":76087.18,""size"":0.01314152,""num_orders"":1}]","[{""price"":76094.79,""size"":0.03168794,""num_orders"":2},{""price"":76094.86,""size"":0.02,""num_orders"":1},{""price"":76096.0,""size"":0.0161,""num_orders"":1},{""price"":76096.84,""size"":0.32488248,""num_orders"":1},{""price"":76096.85,""size"":0.14481,""num_orders"":1},{""price"":76097.46,""size"":0.00013141,""num_orders"":1},{""price"":76097.97,""size"":0.2628191,""num_orders"":1},{""price"":76097.99,""size"":0.02,""num_orders"":1},{""price"":76098.0,""size"":0.10427645,""num_orders"":3},{""price"":76098.01,""size"":0.14999749,""num_orders"":1}]"
btc_usd_d10_20260430T000032Z,46,2026-04-30T00:46:32.272746Z,2026-04-30T00:46:32.272869Z,BTC-USD,10,ok,,127345531457,2026-04-30T00:46:30.071573333Z,0.62931867,0.57422033,0.045780269688,76151.669999999998,76151.679999999993,76151.674999999988,0.009999999995,0.001313168751,"[{""price"":76151.67,""size"":0.03595,""num_orders"":1},{""price"":76150.08,""size"":0.10532533,""num_orders"":1},{""price"":76150.0,""size"":0.0169,""num_orders"":1},{""price"":76149.99,""size"":0.07914964,""num_orders"":3},{""price"":76148.51,""size"":0.11094748,""num_orders"":2},{""price"":76148.48,""size"":0.09202536,""num_orders"":1},{""price"":76148.0,""size"":0.0169,""num_orders"":1},{""price"":76147.96,""size"":0.04066476,""num_orders"":2},{""price"":76147.32,""size"":0.00013131,""num_orders"":1},{""price"":76147.08,""size"":0.13132479,""num_orders"":1}]","[{""price"":76151.68,""size"":1.5e-05,""num_orders"":1},{""price"":76153.85,""size"":0.01,""num_orders"":1},{""price"":76154.87,""size"":1.5e-05,""num_orders"":1},{""price"":76154.99,""size"":0.17895889,""num_orders"":1},{""price"":76155.0,""size"":0.2495,""num_orders"":1},{""price"":76155.01,""size"":1e-06,""num_orders"":1},{""price"":76155.56,""size"":0.05,""num_orders"":2},{""price"":76155.72,""size"":0.00026263,""num_orders"":1},{""price"":76155.88,""size"":0.08532781,""num_orders"":1},{""price"":76156.56,""size"":0.00014,""num_orders"":2}]"
btc_usd_d10_20260430T000032Z,47,2026-04-30T00:47:32.272746Z,2026-04-30T00:47:32.272868Z,BTC-USD,10,ok,,127345573392,2026-04-30T00:47:30.598714800Z,0.43723836,1.33318828,-0.506064413943,76158.059999999998,76158.070000000007,76158.065000000002,0.010000000009,0.001313058572,"[{""price"":76158.06,""size"":0.09202939,""num_orders"":2},{""price"":76157.21,""size"":0.00050508,""num_orders"":1},{""price"":76155.39,""size"":0.0001313,""num_orders"":1},{""price"":76154.01,""size"":0.20838757,""num_orders"":1},{""price"":76154.0,""size"":0.00434549,""num_orders"":1},{""price"":76151.79,""size"":0.00016413,""num_orders"":1},{""price"":76151.68,""size"":0.09204036,""num_orders"":2},{""price"":76151.46,""size"":0.00050508,""num_orders"":1},{""price"":76150.84,""size"":0.026,""num_orders"":1},{""price"":76150.12,""size"":0.01312996,""num_orders"":1}]","[{""price"":76158.07,""size"":0.37343264,""num_orders"":5},{""price"":76158.99,""size"":0.18809665,""num_orders"":1},{""price"":76159.0,""size"":0.26260851,""num_orders"":1},{""price"":76160.0,""size"":0.0196,""num_orders"":1},{""price"":76160.74,""size"":0.0001313,""num_orders"":1},{""price"":76161.54,""size"":0.01312996,""num_orders"":1},{""price"":76161.99,""size"":0.02,""num_orders"":1},{""price"":76162.0,""size"":0.0196,""num_orders"":1},{""price"":76163.5,""size"":0.02,""num_orders"":1},{""price"":76163.51,""size"":0.41658922,""num_orders"":2}]"
btc_usd_d10_20260430T000032Z,48,2026-04-30T00:48:32.272746Z,2026-04-30T00:48:32.272869Z,BTC-USD,10,ok,,127345647545,2026-04-30T00:48:30.783508628Z,0.646246,0.60821717,0.03031482383,76227.979999999996,76229.649999999994,76228.815000000002,1.669999999998,0.219077261007,"[{""price"":76227.98,""size"":0.20840858,""num_orders"":2},{""price"":76227.72,""size"":0.00032796,""num_orders"":1},{""price"":76227.7,""size"":0.07870692,""num_orders"":1},{""price"":76225.07,""size"":0.03935712,""num_orders"":1},{""price"":76225.04,""size"":0.000146,""num_orders"":2},{""price"":76222.94,""size"":0.13119409,""num_orders"":1},{""price"":76221.44,""size"":0.00016398,""num_orders"":1},{""price"":76220.37,""size"":0.01311832,""num_orders"":1},{""price"":76220.28,""size"":0.02,""num_orders"":1},{""price"":76220.27,""size"":0.15482303,""num_orders"":1}]","[{""price"":76229.65,""size"":0.07870698,""num_orders"":1},{""price"":76230.0,""size"":0.0176,""num_orders"":1},{""price"":76230.39,""size"":0.00013118,""num_orders"":1},{""price"":76231.15,""size"":0.10611091,""num_orders"":1},{""price"":76231.16,""size"":0.24348576,""num_orders"":2},{""price"":76231.17,""size"":0.07870796,""num_orders"":1},{""price"":76231.43,""size"":1.5e-05,""num_orders"":1},{""price"":76231.8,""size"":0.01311832,""num_orders"":1},{""price"":76231.85,""size"":0.05274106,""num_orders"":1},{""price"":76232.0,""size"":0.0176,""num_orders"":1}]"
btc_usd_d10_20260430T000032Z,49,2026-04-30T00:49:32.272746Z,2026-04-30T00:49:32.272864Z,BTC-USD,10,ok,,127345726083,2026-04-30T00:49:31.077547188Z,0.16566575,0.72748804,-0.629031972198,76180.389999999999,76180.399999999994,76180.39499999999,0.009999999995,0.001312673687,"[{""price"":76180.39,""size"":1.494e-05,""num_orders"":1},{""price"":76177.2,""size"":1.5e-05,""num_orders"":1},{""price"":76176.0,""size"":0.0158,""num_orders"":1},{""price"":76175.36,""size"":0.03938281,""num_orders"":1},{""price"":76175.0,""size"":0.01,""num_orders"":1},{""price"":76174.12,""size"":0.00016408,""num_orders"":1},{""price"":76174.01,""size"":1.5e-05,""num_orders"":1},{""price"":76174.0,""size"":0.0158,""num_orders"":1},{""price"":76172.93,""size"":0.071347,""num_orders"":1},{""price"":76172.35,""size"":0.01312692,""num_orders"":1}]","[{""price"":76180.4,""size"":0.2908461,""num_orders"":3},{""price"":76180.91,""size"":0.04136613,""num_orders"":1},{""price"":76180.92,""size"":0.03769,""num_orders"":1},{""price"":76181.53,""size"":0.07875925,""num_orders"":1},{""price"":76181.55,""size"":0.01575185,""num_orders"":1},{""price"":76182.0,""size"":0.0158,""num_orders"":1},{""price"":76183.07,""size"":0.00013126,""num_orders"":1},{""price"":76183.77,""size"":0.01312692,""num_orders"":1},{""price"":76184.0,""size"":0.0158,""num_orders"":1},{""price"":76184.78,""size"":0.21821653,""num_orders"":1}]"
btc_usd_d10_20260430T000032Z,50,2026-04-30T00:50:32.272746Z,2026-04-30T00:50:32.272861Z,BTC-USD,10,ok,,127345783893,2026-04-30T00:50:29.867803022Z,0.62181509,0.31387482,0.329105045068,76216.210000000006,76216.220000000001,76216.214999999997,0.009999999995,0.001312056758,"[{""price"":76216.21,""size"":0.20846356,""num_orders"":2},{""price"":76216.0,""size"":0.0149,""num_orders"":1},{""price"":76215.57,""size"":0.03936203,""num_orders"":1},{""price"":76214.0,""size"":0.0149,""num_orders"":1},{""price"":76213.54,""size"":0.0001312,""num_orders"":1},{""price"":76212.01,""size"":0.1061213,""num_orders"":1},{""price"":76212.0,""size"":0.0149,""num_orders"":1},{""price"":76211.89,""size"":0.13121311,""num_orders"":1},{""price"":76211.86,""size"":0.01311949,""num_orders"":1},{""price"":76211.64,""size"":0.0787044,""num_orders"":1}]","[{""price"":76216.22,""size"":0.07726543,""num_orders"":2},{""price"":76218.67,""size"":1.5e-05,""num_orders"":1},{""price"":76218.89,""size"":0.0001312,""num_orders"":1},{""price"":76220.0,""size"":0.0149,""num_orders"":1},{""price"":76220.6,""size"":0.10776563,""num_orders"":2},{""price"":76220.91,""size"":0.07871856,""num_orders"":1},{""price"":76221.75,""size"":0.000164,""num_orders"":1},{""price"":76221.86,""size"":1.5e-05,""num_orders"":1},{""price"":76222.0,""size"":0.0149,""num_orders"":1},{""price"":76222.49,""size"":0.02,""num_orders"":1}]"
btc_usd_d10_20260430T000032Z,51,2026-04-30T00:51:32.272746Z,2026-04-30T00:51:32.272855Z,BTC-USD,10,ok,,127345829831,2026-04-30T00:51:30.378994563Z,0.36473413,0.44343726,-0.09738420708,76215.850000000006,76215.860000000001,76215.85500000001,0.009999999995,0.001312062955,"[{""price"":76215.85,""size"":6.444e-05,""num_orders"":1},{""price"":76213.36,""size"":0.03941319,""num_orders"":2},{""price"":76213.02,""size"":0.0001312,""num_orders"":1},{""price"":76212.0,""size"":0.0164,""num_orders"":1},{""price"":76211.46,""size"":0.0674996,""num_orders"":1},{""price"":76210.02,""size"":0.02,""num_orders"":1},{""price"":76210.01,""size"":0.1061213,""num_orders"":1},{""price"":76210.0,""size"":0.0164,""num_orders"":1},{""price"":76209.74,""size"":0.02,""num_orders"":1},{""price"":76209.73,""size"":0.0787044,""num_orders"":1}]","[{""price"":76215.86,""size"":0.20912473,""num_orders"":4},{""price"":76217.33,""size"":0.00014672,""num_orders"":1},{""price"":76218.0,""size"":0.0164,""num_orders"":1},{""price"":76218.21,""size"":0.04707429,""num_orders"":1},{""price"":76218.37,""size"":0.0001312,""num_orders"":1},{""price"":76218.67,""size"":1.5e-05,""num_orders"":1},{""price"":76218.74,""size"":0.01312023,""num_orders"":1},{""price"":76218.89,""size"":8.1e-07,""num_orders"":1},{""price"":76219.05,""size"":0.0787044,""num_orders"":1},{""price"":76219.63,""size"":0.07871988,""num_orders"":1}]"
btc_usd_d10_20260430T000032Z,52,2026-04-30T00:52:32.272746Z,2026-04-30T00:52:32.272854Z,BTC-USD,10,ok,,127345882766,2026-04-30T00:52:31.381297599Z,0.34830423,0.68134686,-0.323451927779,76233.229999999996,76233.240000000005,76233.235000000001,0.010000000009,0.001311763827,"[{""price"":76233.23,""size"":0.02602894,""num_orders"":2},{""price"":76232.22,""size"":0.07870402,""num_orders"":1},{""price"":76232.08,""size"":0.0157414,""num_orders"":1},{""price"":76231.96,""size"":0.00044593,""num_orders"":1},{""price"":76230.56,""size"":0.00013117,""num_orders"":1},{""price"":76230.51,""size"":0.03935431,""num_orders"":1},{""price"":76229.94,""size"":0.06700216,""num_orders"":1},{""price"":76228.24,""size"":1.5e-05,""num_orders"":1},{""price"":76228.0,""size"":0.0172,""num_orders"":1},{""price"":76227.45,""size"":0.1036813,""num_orders"":1}]","[{""price"":76233.24,""size"":0.01311765,""num_orders"":1},{""price"":76234.89,""size"":0.10626354,""num_orders"":2},{""price"":76234.9,""size"":0.0787044,""num_orders"":1},{""price"":76235.91,""size"":0.00013117,""num_orders"":1},{""price"":76236.0,""size"":0.0172,""num_orders"":1},{""price"":76236.7,""size"":0.07870225,""num_orders"":1},{""price"":76237.81,""size"":1.5e-05,""num_orders"":1},{""price"":76238.0,""size"":0.0172,""num_orders"":1},{""price"":76238.5,""size"":0.00016397,""num_orders"":1},{""price"":76238.6,""size"":0.36984888,""num_orders"":2}]"
btc_usd_d10_20260430T000032Z,53,2026-04-30T00:53:32.272746Z,2026-04-30T00:53:32.272836Z,BTC-USD,10,ok,,127345926678,2026-04-30T00:53:32.071836083Z,1.32686257,0.37809182,0.556478669204,76303.460000000006,76305.669999999998,76304.565000000002,2.209999999992,0.2896288053,"[{""price"":76303.46,""size"":0.02632763,""num_orders"":2},{""price"":76303.45,""size"":0.07875449,""num_orders"":2},{""price"":76302.99,""size"":0.00013105,""num_orders"":1},{""price"":76302.44,""size"":0.03931721,""num_orders"":1},{""price"":76302.0,""size"":0.018,""num_orders"":1},{""price"":76300.52,""size"":0.02,""num_orders"":1},{""price"":76300.5,""size"":1.0,""num_orders"":1},{""price"":76299.3,""size"":0.13106279,""num_orders"":1},{""price"":76298.51,""size"":0.00016381,""num_orders"":1},{""price"":76298.49,""size"":0.01310559,""num_orders"":1}]","[{""price"":76305.67,""size"":0.03963356,""num_orders"":6},{""price"":76306.0,""size"":0.018,""num_orders"":1},{""price"":76306.35,""size"":0.00138033,""num_orders"":1},{""price"":76307.99,""size"":1.5e-05,""num_orders"":1},{""price"":76308.0,""size"":0.018,""num_orders"":1},{""price"":76308.46,""size"":0.00217806,""num_orders"":1},{""price"":76309.08,""size"":0.18907488,""num_orders"":1},{""price"":76309.93,""size"":0.01310559,""num_orders"":1},{""price"":76310.0,""size"":0.018,""num_orders"":1},{""price"":76310.4,""size"":0.0787044,""num_orders"":1}]"
btc_usd_d10_20260430T000032Z,54,2026-04-30T00:54:32.272746Z,2026-04-30T00:54:32.272834Z,BTC-USD,10,ok,,127345972652,2026-04-30T00:54:30.236277827Z,0.2791758,0.5796969,-0.349901795691,76253.770000000004,76253.779999999999,76253.774999999994,0.009999999995,0.001311410484,"[{""price"":76253.77,""size"":0.07743873,""num_orders"":4},{""price"":76253.76,""size"":1.49e-05,""num_orders"":1},{""price"":76253.69,""size"":0.00027052,""num_orders"":1},{""price"":76253.31,""size"":0.03934255,""num_orders"":1},{""price"":76252.62,""size"":0.01573716,""num_orders"":1},{""price"":76251.1,""size"":0.00013114,""num_orders"":1},{""price"":76250.57,""size"":1.5e-05,""num_orders"":1},{""price"":76250.04,""size"":0.02,""num_orders"":1},{""price"":76250.03,""size"":0.1062258,""num_orders"":1},{""price"":76250.02,""size"":0.02,""num_orders"":1}]","[{""price"":76253.78,""size"":0.23744523,""num_orders"":4},{""price"":76253.8,""size"":0.03,""num_orders"":1},{""price"":76254.01,""size"":0.00026228,""num_orders"":1},{""price"":76254.93,""size"":0.01573669,""num_orders"":1},{""price"":76256.0,""size"":0.0219,""num_orders"":1},{""price"":76256.45,""size"":0.00013114,""num_orders"":1},{""price"":76258.0,""size"":0.0219,""num_orders"":1},{""price"":76259.38,""size"":0.12090172,""num_orders"":1},{""price"":76259.39,""size"":0.05274106,""num_orders"":1},{""price"":76259.45,""size"":0.07867878,""num_orders"":1}]"
btc_usd_d10_20260430T000032Z,55,2026-04-30T00:55:32.272746Z,2026-04-30T00:55:32.272835Z,BTC-USD,10,ok,,127346017965,2026-04-30T00:55:30.772213656Z,0.90637933,0.83038156,0.043758337971,76276.089999999997,76276.100000000006,76276.095000000001,0.010000000009,0.001311026739,"[{""price"":76276.09,""size"":7.628e-05,""num_orders"":3},{""price"":76274.28,""size"":0.03933173,""num_orders"":1},{""price"":76273.68,""size"":0.0787044,""num_orders"":1},{""price"":76273.66,""size"":0.01573282,""num_orders"":1},{""price"":76273.42,""size"":0.0001311,""num_orders"":1},{""price"":76272.9,""size"":1.5e-05,""num_orders"":1},{""price"":76272.0,""size"":0.5,""num_orders"":1},{""price"":76270.62,""size"":0.26222413,""num_orders"":1},{""price"":76270.0,""size"":0.01,""num_orders"":1},{""price"":76269.82,""size"":0.00016387,""num_orders"":1}]","[{""price"":76276.1,""size"":0.34463469,""num_orders"":4},{""price"":76277.25,""size"":0.01573208,""num_orders"":1},{""price"":76278.0,""size"":0.0179,""num_orders"":1},{""price"":76278.26,""size"":0.12871345,""num_orders"":2},{""price"":76278.78,""size"":0.0001311,""num_orders"":1},{""price"":76279.89,""size"":0.1062258,""num_orders"":1},{""price"":76279.9,""size"":0.07865768,""num_orders"":1},{""price"":76279.97,""size"":0.10737665,""num_orders"":1},{""price"":76280.0,""size"":0.0179,""num_orders"":1},{""price"":76280.77,""size"":0.01311011,""num_orders"":1}]"
btc_usd_d10_20260430T000032Z,56,2026-04-30T00:56:32.272746Z,2026-04-30T00:56:32.272874Z,BTC-USD,10,ok,,127346051324,2026-04-30T00:56:30.051047142Z,1.08771131,0.37243227,0.489868975762,76239.990000000005,76240,76239.994999999995,0.009999999995,0.001311647515,"[{""price"":76239.99,""size"":0.11808581,""num_orders"":4},{""price"":76238.84,""size"":0.01574001,""num_orders"":1},{""price"":76237.32,""size"":0.00013116,""num_orders"":1},{""price"":76235.96,""size"":0.13117167,""num_orders"":1},{""price"":76233.73,""size"":0.02,""num_orders"":1},{""price"":76233.72,""size"":0.00016395,""num_orders"":1},{""price"":76233.54,""size"":0.02,""num_orders"":1},{""price"":76233.53,""size"":0.44136255,""num_orders"":2},{""price"":76233.52,""size"":0.26235176,""num_orders"":1},{""price"":76233.44,""size"":0.0787044,""num_orders"":1}]","[{""price"":76240.0,""size"":0.20811997,""num_orders"":2},{""price"":76241.01,""size"":0.06600838,""num_orders"":3},{""price"":76241.15,""size"":0.01573953,""num_orders"":1},{""price"":76242.0,""size"":0.0244,""num_orders"":1},{""price"":76242.66,""size"":0.00013116,""num_orders"":1},{""price"":76243.11,""size"":0.01311721,""num_orders"":1},{""price"":76244.0,""size"":0.0244,""num_orders"":1},{""price"":76244.19,""size"":0.00016335,""num_orders"":1},{""price"":76244.95,""size"":0.00035267,""num_orders"":1},{""price"":76245.7,""size"":0.02,""num_orders"":1}]"
btc_usd_d10_20260430T000032Z,57,2026-04-30T00:57:32.272746Z,2026-04-30T00:57:32.272847Z,BTC-USD,10,ok,,127346107391,2026-04-30T00:57:29.603414079Z,0.71072967,0.78418347,-0.049135831397,76273.990000000005,76274,76273.994999999995,0.009999999995,0.001311062833,"[{""price"":76273.99,""size"":0.07872621,""num_orders"":2},{""price"":76272.84,""size"":0.01573299,""num_orders"":1},{""price"":76271.32,""size"":0.0001311,""num_orders"":1},{""price"":76270.98,""size"":0.03933343,""num_orders"":1},{""price"":76269.74,""size"":0.1062258,""num_orders"":1},{""price"":76269.71,""size"":0.20841369,""num_orders"":3},{""price"":76269.6,""size"":0.13111383,""num_orders"":1},{""price"":76267.71,""size"":0.00016388,""num_orders"":1},{""price"":76266.63,""size"":0.02,""num_orders"":1},{""price"":76266.62,""size"":0.11088874,""num_orders"":1}]","[{""price"":76274.0,""size"":0.35767736,""num_orders"":3},{""price"":76275.14,""size"":0.01960101,""num_orders"":1},{""price"":76275.15,""size"":0.01573252,""num_orders"":1},{""price"":76276.0,""size"":0.0171,""num_orders"":1},{""price"":76276.67,""size"":0.0001311,""num_orders"":1},{""price"":76276.93,""size"":0.25791073,""num_orders"":2},{""price"":76276.94,""size"":0.07866073,""num_orders"":1},{""price"":76278.0,""size"":0.0171,""num_orders"":1},{""price"":76279.4,""size"":0.02,""num_orders"":1},{""price"":76279.41,""size"":0.00027002,""num_orders"":1}]"
btc_usd_d10_20260430T000032Z,58,2026-04-30T00:58:32.272746Z,2026-04-30T00:58:32.272857Z,BTC-USD,10,ok,,127346139293,2026-04-30T00:58:29.523711637Z,0.20232991,0.33121127,-0.241558411667,76242.669999999998,76242.679999999993,76242.674999999988,0.009999999995,0.001311601409,"[{""price"":76242.67,""size"":0.00019435,""num_orders"":4},{""price"":76242.63,""size"":0.00026232,""num_orders"":1},{""price"":76241.49,""size"":0.01573946,""num_orders"":1},{""price"":76240.04,""size"":0.00013115,""num_orders"":1},{""price"":76237.76,""size"":0.03935057,""num_orders"":1},{""price"":76236.44,""size"":0.00016394,""num_orders"":1},{""price"":76236.04,""size"":0.02,""num_orders"":1},{""price"":76236.03,""size"":0.00026232,""num_orders"":1},{""price"":76234.84,""size"":0.02,""num_orders"":1},{""price"":76234.83,""size"":0.1062258,""num_orders"":1}]","[{""price"":76242.68,""size"":0.24529489,""num_orders"":5},{""price"":76242.71,""size"":0.02052313,""num_orders"":1},{""price"":76242.72,""size"":0.00025676,""num_orders"":2},{""price"":76242.74,""size"":0.00033522,""num_orders"":1},{""price"":76243.87,""size"":0.01573897,""num_orders"":1},{""price"":76244.0,""size"":0.0179,""num_orders"":1},{""price"":76244.19,""size"":1.5e-05,""num_orders"":1},{""price"":76245.02,""size"":0.01311614,""num_orders"":1},{""price"":76245.39,""size"":0.00013116,""num_orders"":1},{""price"":76246.0,""size"":0.0179,""num_orders"":1}]"
btc_usd_d10_20260430T000032Z,59,2026-04-30T00:59:32.272746Z,2026-04-30T00:59:32.272865Z,BTC-USD,10,ok,,127346177671,2026-04-30T00:59:29.785275847Z,1.22257243,0.78176249,0.219928284241,76250.570000000007,76250.589999999997,76250.580000000002,0.01999999999,0.002622930867,"[{""price"":76250.57,""size"":1.471e-05,""num_orders"":1},{""price"":76250.0,""size"":1.0,""num_orders"":1},{""price"":76249.22,""size"":0.03934466,""num_orders"":1},{""price"":76248.88,""size"":0.01573794,""num_orders"":1},{""price"":76248.77,""size"":0.00013114,""num_orders"":1},{""price"":76248.0,""size"":0.0228,""num_orders"":1},{""price"":76247.38,""size"":1.5e-05,""num_orders"":1},{""price"":76247.31,""size"":0.13115215,""num_orders"":1},{""price"":76246.99,""size"":0.01311455,""num_orders"":1},{""price"":76245.37,""size"":0.00026228,""num_orders"":1}]","[{""price"":76250.59,""size"":0.21608757,""num_orders"":2},{""price"":76250.93,""size"":0.16094622,""num_orders"":1},{""price"":76250.98,""size"":8.614e-05,""num_orders"":1},{""price"":76251.74,""size"":0.01573735,""num_orders"":1},{""price"":76252.0,""size"":0.02383508,""num_orders"":1},{""price"":76253.11,""size"":0.14322497,""num_orders"":1},{""price"":76253.15,""size"":0.0787044,""num_orders"":1},{""price"":76253.67,""size"":0.00013114,""num_orders"":1},{""price"":76254.0,""size"":0.0187,""num_orders"":1},{""price"":76254.72,""size"":0.12430962,""num_orders"":2}]"
